explained_variance,value_loss,nupdates,fps,total_timesteps,policy_entropy
-106.93507385253906,0.004553886596113443,1,127,140,1.386291265487671
-1.546400785446167,0.0014333516592159867,100,1582,14000,1.3862924575805664
-0.10565590858459473,0.018213994801044464,200,1568,28000,1.3862615823745728
-0.08391618728637695,0.014089706353843212,300,1536,42000,1.386133074760437
-0.37840330600738525,0.0004945388063788414,400,1540,56000,1.3860979080200195
0.04733246564865112,0.014225686900317669,500,1521,70000,1.385319471359253
-0.05148029327392578,0.0026198276318609715,600,1528,84000,1.3854609727859497
0.012744367122650146,0.0004972010501660407,700,1534,98000,1.3838834762573242
-1.2966365814208984,0.0002805277472361922,800,1523,112000,1.3853702545166016
0.00886768102645874,0.011077078990638256,900,1515,126000,1.3559277057647705
-0.028369665145874023,0.02191830985248089,1000,1518,140000,1.3839751482009888
0.004115164279937744,0.006776601076126099,1100,1518,154000,1.384176254272461
0.043643057346343994,0.02944587916135788,1200,1519,168000,1.3842127323150635
0.012008190155029297,0.01565147377550602,1300,1514,182000,1.3837461471557617
0.05463111400604248,0.04389475658535957,1400,1519,196000,1.3858829736709595
0.13845103979110718,0.005236397497355938,1500,1523,210000,1.3862298727035522
0.17276102304458618,0.0005607122438959777,1600,1521,224000,1.3860833644866943
0.034632980823516846,0.018542880192399025,1700,1521,238000,1.3858219385147095
0.0577889084815979,0.008012344129383564,1800,1524,252000,1.385873794555664
0.04579859972000122,0.021446608006954193,1900,1524,266000,1.386127233505249
0.05874103307723999,0.036665212363004684,2000,1525,280000,1.3860927820205688
0.6682420969009399,0.0002810164005495608,2100,1527,294000,1.3854531049728394
0.299241304397583,0.003464274574071169,2200,1523,308000,1.385353922843933
0.08151155710220337,0.051616229116916656,2300,1532,322000,1.3845951557159424
0.34685027599334717,0.001144677633419633,2400,1531,336000,1.3826402425765991
0.07473933696746826,0.014103730209171772,2500,1530,350000,1.3848388195037842
0.08376246690750122,0.013579444028437138,2600,1527,364000,1.385744571685791
0.15671861171722412,0.004432755056768656,2700,1525,378000,1.3857892751693726
0.3217740058898926,0.0014815430622547865,2800,1527,392000,1.3851758241653442
0.19013702869415283,0.012141498737037182,2900,1528,406000,1.384018063545227
0.2179337739944458,0.01759977824985981,3000,1527,420000,1.3850047588348389
0.17419636249542236,0.01474152784794569,3100,1526,434000,1.3849525451660156
0.33530616760253906,0.014675341546535492,3200,1526,448000,1.3856645822525024
0.20528000593185425,0.00594923784956336,3300,1525,462000,1.3853410482406616
0.15738487243652344,0.017490701749920845,3400,1524,476000,1.384845495223999
0.49315035343170166,0.010654481127858162,3500,1526,490000,1.3853203058242798
0.41865044832229614,0.015046164393424988,3600,1525,504000,1.385080099105835
0.31378471851348877,0.035398587584495544,3700,1525,518000,1.384887456893921
0.4104740619659424,0.027070308104157448,3800,1524,532000,1.3858742713928223
0.8091587573289871,0.0006906893686391413,3900,1525,546000,1.3861569166183472
0.49312835931777954,0.026676654815673828,4000,1526,560000,1.3859703540802002
0.6761167645454407,0.004052308853715658,4100,1526,574000,1.3858439922332764
0.8241526633501053,0.003314727684482932,4200,1526,588000,1.384896159172058
0.8405179381370544,0.0003973079437855631,4300,1526,602000,1.3856271505355835
0.6231125295162201,0.008232127875089645,4400,1524,616000,1.38498854637146
0.5194357633590698,0.018249737098813057,4500,1527,630000,1.385404109954834
0.5659415423870087,0.0077197677455842495,4600,1526,644000,1.3853662014007568
0.767645388841629,0.013293487951159477,4700,1525,658000,1.3850120306015015
0.7926626652479172,0.0024985854979604483,4800,1526,672000,1.385010004043579
0.7997119724750519,0.005004674196243286,4900,1526,686000,1.3850339651107788
0.8041827082633972,0.010191607289016247,5000,1528,700000,1.386183261871338
0.5662834048271179,0.02126981131732464,5100,1529,714000,1.383956789970398
0.7928977459669113,0.02806064300239086,5200,1530,728000,1.382691502571106
0.7623235285282135,0.017927009612321854,5300,1531,742000,1.3821357488632202
0.8744245767593384,0.0068933009169995785,5400,1530,756000,1.3829269409179688
0.6028348505496979,0.033341217786073685,5500,1531,770000,1.3790271282196045
0.6466530859470367,0.023699937388300896,5600,1534,784000,1.3819721937179565
0.845742866396904,0.004920672625303268,5700,1534,798000,1.3800710439682007
0.935708798468113,0.0026090783067047596,5800,1534,812000,1.378662347793579
0.9292881488800049,0.004274691920727491,5900,1535,826000,1.3810011148452759
0.8437198996543884,0.007437412161380053,6000,1536,840000,1.3760493993759155
0.8914045467972755,0.011477850377559662,6100,1536,854000,1.3758195638656616
0.8939154893159866,0.010010008700191975,6200,1537,868000,1.3765524625778198
0.854086846113205,0.007650452665984631,6300,1537,882000,1.3709794282913208
0.847859650850296,0.011019489727914333,6400,1539,896000,1.3718243837356567
0.8363166898488998,0.013831798918545246,6500,1539,910000,1.3672058582305908
0.9348089620471001,0.005142133217304945,6600,1538,924000,1.3687810897827148
0.9278277233242989,0.004794597160071135,6700,1540,938000,1.3628381490707397
0.9216651692986488,0.009161928668618202,6800,1541,952000,1.3606510162353516
0.8979471251368523,0.010137487202882767,6900,1542,966000,1.3584442138671875
0.9168944805860519,0.00819418951869011,7000,1543,980000,1.35332190990448
0.9539792388677597,0.006238351576030254,7100,1543,994000,1.3549814224243164
0.9397918432950974,0.005754238460212946,7200,1544,1008000,1.357280969619751
0.9822284784168005,0.003019228344783187,7300,1544,1022000,1.3542585372924805
0.9281587675213814,0.01368139311671257,7400,1545,1036000,1.3493989706039429
0.9001684561371803,0.01559369545429945,7500,1546,1050000,1.348137617111206
0.8757577016949654,0.01155185792595148,7600,1547,1064000,1.3540571928024292
0.9341766685247421,0.006581990513950586,7700,1549,1078000,1.3601683378219604
0.9587098062038422,0.004189632833003998,7800,1550,1092000,1.3565620183944702
0.9482492320239544,0.005723563954234123,7900,1550,1106000,1.349777102470398
0.9678862653672695,0.0032029245048761368,8000,1551,1120000,1.3323146104812622
0.9485133141279221,0.005649469327181578,8100,1552,1134000,1.3474916219711304
0.982863076031208,0.002540845423936844,8200,1552,1148000,1.3507914543151855
0.9663182757794857,0.0041069346480071545,8300,1553,1162000,1.3498640060424805
0.9520440250635147,0.00381243834272027,8400,1554,1176000,1.3461177349090576
0.947574395686388,0.006903761997818947,8500,1553,1190000,1.3541955947875977
0.9409326203167439,0.0045664748176932335,8600,1554,1204000,1.3486831188201904
0.9796283300966024,0.003897419897839427,8700,1554,1218000,1.3469533920288086
0.8827181309461594,0.014500274322926998,8800,1554,1232000,1.3525078296661377
0.982954777777195,0.0030419589020311832,8900,1555,1246000,1.3478902578353882
0.9603968374431133,0.0054921675473451614,9000,1556,1260000,1.3427585363388062
0.9799906443804502,0.0021834170911461115,9100,1557,1274000,1.345043420791626
0.9682819098234177,0.0021855998784303665,9200,1558,1288000,1.3495798110961914
0.9455192275345325,0.006398155353963375,9300,1560,1302000,1.3507771492004395
0.9834699388593435,0.0024933521635830402,9400,1559,1316000,1.3496884107589722
0.9879161827266216,0.0015908622881397605,9500,1559,1330000,1.354415774345398
0.9811720699071884,0.0023298230953514576,9600,1560,1344000,1.348117709159851
0.9580104202032089,0.004104651045054197,9700,1560,1358000,1.3452774286270142
0.9689315669238567,0.002360074780881405,9800,1561,1372000,1.3434566259384155
0.985059748403728,0.0021516766864806414,9900,1561,1386000,1.3381315469741821
0.9705709982663393,0.0035372923593968153,10000,1562,1400000,1.3395453691482544
0.979324396699667,0.0025965850800275803,10100,1563,1414000,1.334388256072998
0.9643359035253525,0.005354679189622402,10200,1563,1428000,1.3406625986099243
0.984636215493083,0.0018382215639576316,10300,1562,1442000,1.3423646688461304
0.9904142571613193,0.0011491519398987293,10400,1562,1456000,1.3404537439346313
0.9819804355502129,0.002225114731118083,10500,1563,1470000,1.3434207439422607
0.9661970809102058,0.004476375877857208,10600,1562,1484000,1.342045545578003
0.9345357418060303,0.007589661981910467,10700,1563,1498000,1.3531360626220703
0.9920530021190643,0.0010621568653732538,10800,1564,1512000,1.351725459098816
0.9887302052229643,0.0015784275019541383,10900,1564,1526000,1.3528271913528442
0.9874823819845915,0.0017764481017366052,11000,1565,1540000,1.3425031900405884
0.9948484599590302,0.0007855275762267411,11100,1565,1554000,1.3411809206008911
0.9695732444524765,0.00265845307148993,11200,1566,1568000,1.3444037437438965
0.9951595389284194,0.0007189587922766805,11300,1567,1582000,1.3394962549209595
0.9940351475961506,0.0007736069383099675,11400,1566,1596000,1.3500423431396484
0.9361882358789444,0.005314391106367111,11500,1566,1610000,1.3440171480178833
0.985171876847744,0.0014858866343274713,11600,1566,1624000,1.3447240591049194
0.8960152566432953,0.012842658907175064,11700,1566,1638000,1.3429282903671265
0.97511768899858,0.003104261588305235,11800,1566,1652000,1.3433239459991455
0.9880945831537247,0.0012634230079129338,11900,1567,1666000,1.3528251647949219
0.9919170280918479,0.0010645475704222918,12000,1568,1680000,1.357495665550232
0.9940678924322128,0.0008146598120220006,12100,1568,1694000,1.3497878313064575
0.9689040239900351,0.0025999757926911116,12200,1570,1708000,1.3464834690093994
0.9016024693846703,0.018830200657248497,12300,1570,1722000,1.343591570854187
0.9845119873061776,0.001298550865612924,12400,1570,1736000,1.353420376777649
0.9905811753123999,0.0010649701580405235,12500,1569,1750000,1.3556056022644043
0.9877153877168894,0.0017404902027919888,12600,1569,1764000,1.3542735576629639
0.9667564928531647,0.0022454962600022554,12700,1569,1778000,1.3618428707122803
0.9745096378028393,0.002878689905628562,12800,1569,1792000,1.3580573797225952
0.9795252159237862,0.002639983780682087,12900,1570,1806000,1.3556839227676392
0.8501863926649094,0.013357426971197128,13000,1570,1820000,1.3537150621414185
0.930149607360363,0.00759069062769413,13100,1571,1834000,1.3552322387695312
0.9867622712627053,0.0007817913428880274,13200,1571,1848000,1.361606240272522
0.9574609883129597,0.00642737140879035,13300,1572,1862000,1.3558783531188965
0.9925810289569199,0.00092464336194098,13400,1572,1876000,1.3557028770446777
0.9659572243690491,0.002425334183499217,13500,1573,1890000,1.3557977676391602
0.9171489626169205,0.002415583236142993,13600,1573,1904000,1.3658612966537476
0.9633659832179546,0.003732691053301096,13700,1573,1918000,1.3602981567382812
0.9574831761419773,0.0021948539651930332,13800,1574,1932000,1.3681066036224365
0.9881393341347575,0.0009586478699930012,13900,1574,1946000,1.3606983423233032
0.9933427423238754,0.0008983523584902287,14000,1574,1960000,1.3599284887313843
0.9761975202709436,0.0027493941597640514,14100,1574,1974000,1.3636276721954346
0.9637918137013912,0.005850246641784906,14200,1575,1988000,1.3625706434249878
0.9770009405910969,0.002553314669057727,14300,1575,2002000,1.3566242456436157
0.9898655787110329,0.0010681586572900414,14400,1575,2016000,1.353302001953125
0.9850310832262039,0.0015854667872190475,14500,1575,2030000,1.345691204071045
0.998027344699949,0.00031177460914477706,14600,1575,2044000,1.348658800125122
0.9927636012434959,0.0011564360465854406,14700,1575,2058000,1.348246693611145
0.9939867872744799,0.0006520016468130052,14800,1575,2072000,1.3584645986557007
0.9754733443260193,0.002000425010919571,14900,1576,2086000,1.3558403253555298
0.9666992984712124,0.003917880821973085,15000,1576,2100000,1.3346531391143799
0.9855864020064473,0.002079445868730545,15100,1577,2114000,1.3487886190414429
0.9634598344564438,0.004675091709941626,15200,1577,2128000,1.3529787063598633
0.9868689328432083,0.00095227116253227,15300,1577,2142000,1.3643014430999756
0.9045431613922119,0.011398845352232456,15400,1577,2156000,1.3514653444290161
0.9484324790537357,0.00515354797244072,15500,1578,2170000,1.365295171737671
0.9870469784364104,0.0017062519909814,15600,1578,2184000,1.362706184387207
0.9285469055175781,0.008255747146904469,15700,1578,2198000,1.3572450876235962
0.9844051767140627,0.002009548246860504,15800,1579,2212000,1.351094126701355
0.9703272953629494,0.003308442421257496,15900,1579,2226000,1.355493426322937
0.9820435866713524,0.0022472667042165995,16000,1579,2240000,1.3604576587677002
0.9806570541113615,0.0019460869953036308,16100,1580,2254000,1.3639780282974243
0.9859122624620795,0.001182807027362287,16200,1580,2268000,1.362281084060669
0.9929532348178327,0.0008695950964465737,16300,1580,2282000,1.3662760257720947
0.9795966949313879,0.003008028259500861,16400,1581,2296000,1.359123945236206
0.9267906472086906,0.01028316281735897,16500,1582,2310000,1.3657522201538086
0.9621399864554405,0.00410270132124424,16600,1582,2324000,1.3569469451904297
0.9835039880126715,0.001611941261216998,16700,1583,2338000,1.3683160543441772
0.9966646116226912,0.0004593720368575305,16800,1582,2352000,1.368834137916565
0.9887182619422674,0.0011376846814528108,16900,1582,2366000,1.3722989559173584
0.9874728601425886,0.0012557314475998282,17000,1583,2380000,1.376488208770752
0.9428861774504185,0.007363874465227127,17100,1582,2394000,1.3668591976165771
0.9962899063248187,0.000544460432138294,17200,1583,2408000,1.362180233001709
0.985398625023663,0.0018554129637777805,17300,1584,2422000,1.3662110567092896
0.9913799343630672,0.0009251986048184335,17400,1584,2436000,1.3710030317306519
0.9573754332959652,0.006716516334563494,17500,1583,2450000,1.3667093515396118
0.9361052513122559,0.0047352309338748455,17600,1584,2464000,1.3752548694610596
0.9918424878269434,0.0010509907733649015,17700,1584,2478000,1.3634268045425415
0.9931662050075829,0.0008574718958698213,17800,1584,2492000,1.3634370565414429
0.9738393258303404,0.002505033975467086,17900,1584,2506000,1.361840844154358
0.9757064841687679,0.003198196878656745,18000,1585,2520000,1.3651117086410522
0.929339662194252,0.007804751396179199,18100,1585,2534000,1.3645187616348267
0.9613589756190777,0.003990295343101025,18200,1585,2548000,1.3689864873886108
0.9042364209890366,0.011517824605107307,18300,1585,2562000,1.368650197982788
0.946563683450222,0.005827463697642088,18400,1586,2576000,1.3680330514907837
0.9542302712798119,0.00506189651787281,18500,1586,2590000,1.3691424131393433
0.9876591730862856,0.0014063013950362802,18600,1586,2604000,1.3651554584503174
0.9630228839814663,0.003388238837942481,18700,1586,2618000,1.3728008270263672
0.9376289881765842,0.008317452855408192,18800,1587,2632000,1.3702353239059448
0.985783414915204,0.0014670357340946794,18900,1587,2646000,1.3639864921569824
0.9823674205690622,0.002222813665866852,19000,1587,2660000,1.3386605978012085
0.9522209614515305,0.007485838606953621,19100,1588,2674000,1.3634064197540283
0.8615435361862183,0.020398477092385292,19200,1588,2688000,1.3676596879959106
0.5176967680454254,0.0316794291138649,19300,1589,2702000,1.3681654930114746
0.9669489227235317,0.0017942005069926381,19400,1589,2716000,1.376481294631958
0.9727248344570398,0.0036191698163747787,19500,1589,2730000,1.373504638671875
0.99420400056988,0.0007634861394762993,19600,1589,2744000,1.354058861732483
0.9864543182775378,0.0016409304225817323,19700,1589,2758000,1.3697230815887451
0.8803572878241539,0.010426022112369537,19800,1590,2772000,1.362865924835205
0.9492564536631107,0.00570796150714159,19900,1590,2786000,1.3711439371109009
0.9597794897854328,0.007225345820188522,20000,1590,2800000,1.3647252321243286
0.948548186570406,0.005997458938509226,20100,1590,2814000,1.3623480796813965
0.9952298849821091,0.0007815168355591595,20200,1591,2828000,1.365526556968689
0.9390703439712524,0.0048742410726845264,20300,1591,2842000,1.3770275115966797
0.9412811100482941,0.004867041949182749,20400,1591,2856000,1.3714799880981445
0.9796865675598383,0.001699870335869491,20500,1591,2870000,1.3693866729736328
0.8611509054899216,0.008058459497988224,20600,1591,2884000,1.3734230995178223
0.9848214322701097,0.0016338024288415909,20700,1592,2898000,1.3670741319656372
0.9002660289406776,0.010821486823260784,20800,1592,2912000,1.3751399517059326
0.8972911909222603,0.008973442018032074,20900,1592,2926000,1.3740442991256714
0.9233190566301346,0.010115212760865688,21000,1593,2940000,1.3744029998779297
0.8930081129074097,0.011529243551194668,21100,1593,2954000,1.3665817975997925
0.9590269215404987,0.0028428270015865564,21200,1593,2968000,1.364871859550476
0.9591521322727203,0.002700645476579666,21300,1593,2982000,1.3670904636383057
0.9710035510361195,0.003344216151162982,21400,1593,2996000,1.370002269744873
0.9654490500688553,0.004524816758930683,21500,1594,3010000,1.3320273160934448
0.8853064253926277,0.010149125941097736,21600,1594,3024000,1.3675073385238647
0.7956597954034805,0.021787066012620926,21700,1595,3038000,1.368582844734192
0.9476898275315762,0.006549482233822346,21800,1595,3052000,1.3535734415054321
0.9233786165714264,0.011023814789950848,21900,1595,3066000,1.353133201599121
0.9460864588618279,0.006666780449450016,22000,1596,3080000,1.3561309576034546
0.9558131322264671,0.0036490296479314566,22100,1597,3094000,1.3687070608139038
0.940375454723835,0.007537842728197575,22200,1597,3108000,1.3680057525634766
0.8696942329406738,0.012858002446591854,22300,1598,3122000,1.3642605543136597
0.8859015926718712,0.007840427570044994,22400,1598,3136000,1.3520193099975586
0.9437207654118538,0.004456175956875086,22500,1599,3150000,1.3546102046966553
0.9310416281223297,0.006600335240364075,22600,1599,3164000,1.3354027271270752
0.812652200460434,0.020483948290348053,22700,1600,3178000,1.362653374671936
0.9629463329911232,0.003489280818030238,22800,1600,3192000,1.3578088283538818
0.9156091883778572,0.007687854114919901,22900,1601,3206000,1.3485844135284424
0.963375274091959,0.0029868222773075104,23000,1601,3220000,1.3482547998428345
0.9574301429092884,0.004466693382710218,23100,1602,3234000,1.352692723274231
0.9392493665218353,0.005529667716473341,23200,1603,3248000,1.343266248703003
0.8584071099758148,0.018673673272132874,23300,1604,3262000,1.3581722974777222
0.8873701393604279,0.0113610178232193,23400,1604,3276000,1.3490089178085327
0.8353421837091446,0.013323090970516205,23500,1605,3290000,1.3238475322723389
0.921591579914093,0.007812176365405321,23600,1606,3304000,1.3316264152526855
0.9421698190271854,0.005180209409445524,23700,1607,3318000,1.319577693939209
0.9883493799716234,0.001139052677899599,23800,1607,3332000,1.3306772708892822
0.9548538252711296,0.002748801140114665,23900,1607,3346000,1.335547685623169
0.9538288898766041,0.008800996467471123,24000,1607,3360000,1.3154675960540771
0.9776669610291719,0.00270536239258945,24100,1608,3374000,1.3548144102096558
0.9941909830085933,0.0006388540496118367,24200,1608,3388000,1.3427057266235352
0.8715583384037018,0.018059978261590004,24300,1609,3402000,1.3506994247436523
0.8666239678859711,0.015400064177811146,24400,1610,3416000,1.344691276550293
0.9675033390522003,0.004179263487458229,24500,1610,3430000,1.3382591009140015
0.8509741723537445,0.01630011945962906,24600,1611,3444000,1.336405873298645
0.9575677923858166,0.0046709333546459675,24700,1611,3458000,1.3163318634033203
0.916860818862915,0.007896621711552143,24800,1611,3472000,1.327260136604309
0.9869200466200709,0.0018082851311191916,24900,1612,3486000,1.3304896354675293
0.9500427804887295,0.004366378299891949,25000,1612,3500000,1.3302415609359741
0.9553658999502659,0.004932377487421036,25100,1613,3514000,1.3434371948242188
0.9642406404018402,0.003560467157512903,25200,1613,3528000,1.33847975730896
0.8309136629104614,0.0191789660602808,25300,1613,3542000,1.351127028465271
0.9626533016562462,0.0030803915578871965,25400,1613,3556000,1.3468230962753296
0.9524505026638508,0.006554586347192526,25500,1614,3570000,1.3488245010375977
0.9035708457231522,0.011524880304932594,25600,1615,3584000,1.3326523303985596
0.9104019552469254,0.006651038769632578,25700,1615,3598000,1.3278058767318726
0.7333643138408661,0.01999817229807377,25800,1615,3612000,1.3341184854507446
0.9369641467928886,0.008604689501225948,25900,1616,3626000,1.3171881437301636
0.7501995116472244,0.035937171429395676,26000,1616,3640000,1.3329790830612183
0.8806093856692314,0.011580617167055607,26100,1617,3654000,1.3323991298675537
0.8821977972984314,0.012640750966966152,26200,1617,3668000,1.3396787643432617
0.957576110959053,0.00500526325777173,26300,1617,3682000,1.3223934173583984
0.9335779920220375,0.007780887186527252,26400,1618,3696000,1.306602120399475
0.9564233273267746,0.006574898026883602,26500,1619,3710000,1.3069790601730347
0.9444002397358418,0.007467151619493961,26600,1620,3724000,1.3199495077133179
0.916157677769661,0.015028425492346287,26700,1620,3738000,1.349258303642273
0.9132823050022125,0.010769009590148926,26800,1620,3752000,1.321631669998169
0.7710226625204086,0.02627994492650032,26900,1621,3766000,1.331952691078186
0.7908258140087128,0.020720934495329857,27000,1621,3780000,1.3270210027694702
0.9088226929306984,0.011661424301564693,27100,1621,3794000,1.3302364349365234
0.8170750886201859,0.030062055215239525,27200,1621,3808000,1.325395107269287
0.914640761911869,0.006763323210179806,27300,1622,3822000,1.3195561170578003
0.8671301603317261,0.01126872282475233,27400,1622,3836000,1.3257025480270386
0.895010694861412,0.008224924094974995,27500,1622,3850000,1.3187255859375
0.8200450539588928,0.014617710374295712,27600,1623,3864000,1.302573323249817
0.8982769921422005,0.015399808995425701,27700,1623,3878000,1.2784520387649536
0.9023916572332382,0.008202620781958103,27800,1624,3892000,1.3018945455551147
0.8849199414253235,0.009815708734095097,27900,1625,3906000,1.3120912313461304
0.7880977541208267,0.01570843905210495,28000,1625,3920000,1.312225341796875
0.9506555832922459,0.005468151066452265,28100,1626,3934000,1.3192142248153687
0.8837418481707573,0.014280810952186584,28200,1627,3948000,1.3163522481918335
0.9208744093775749,0.008833360858261585,28300,1627,3962000,1.3039668798446655
0.9458211772143841,0.008511785417795181,28400,1628,3976000,1.316097378730774
0.7930662930011749,0.023510660976171494,28500,1629,3990000,1.3115438222885132
0.9617855921387672,0.0033322935923933983,28600,1630,4004000,1.3171055316925049
0.7235531210899353,0.020831933245062828,28700,1630,4018000,1.3090940713882446
0.9491831101477146,0.00675206771120429,28800,1631,4032000,1.2917207479476929
0.963243842124939,0.0047773332335054874,28900,1632,4046000,1.3281688690185547
0.9210072234272957,0.007959239184856415,29000,1633,4060000,1.3334382772445679
0.9548972696065903,0.00300935423001647,29100,1634,4074000,1.3188518285751343
0.8510808795690536,0.011753772385418415,29200,1635,4088000,1.303438425064087
0.8629184812307358,0.009560572914779186,29300,1636,4102000,1.2946966886520386
0.8376363813877106,0.013677109964191914,29400,1637,4116000,1.3037601709365845
0.84981669485569,0.012285085394978523,29500,1638,4130000,1.260030746459961
0.4624881148338318,0.04960748553276062,29600,1639,4144000,1.2888009548187256
0.8716983050107956,0.014700589701533318,29700,1640,4158000,1.2831071615219116
0.9352497383952141,0.00876308511942625,29800,1640,4172000,1.3184822797775269
0.8786414265632629,0.01185563299804926,29900,1640,4186000,1.285434365272522
0.8807889372110367,0.00891934148967266,30000,1641,4200000,1.2727807760238647
0.8690716624259949,0.010502907447516918,30100,1642,4214000,1.2720322608947754
0.8585460931062698,0.01223427802324295,30200,1643,4228000,1.226656198501587
0.7563968896865845,0.02129284292459488,30300,1644,4242000,1.2469757795333862
0.9112513735890388,0.01038573682308197,30400,1645,4256000,1.2318999767303467
0.8963871151208878,0.015539288520812988,30500,1646,4270000,1.2621384859085083
0.8559697568416595,0.01808132603764534,30600,1647,4284000,1.247704267501831
0.8648354858160019,0.0106917480006814,30700,1647,4298000,1.2342994213104248
0.7924919724464417,0.018412930890917778,30800,1648,4312000,1.27677321434021
0.8266716599464417,0.024535387754440308,30900,1649,4326000,1.230392336845398
0.9404245838522911,0.006714758463203907,31000,1650,4340000,1.2607697248458862
0.9279681667685509,0.010300775058567524,31100,1651,4354000,1.2803103923797607
0.7082946300506592,0.039549075067043304,31200,1652,4368000,1.2810014486312866
0.8931710049510002,0.012172691524028778,31300,1652,4382000,1.263954997062683
0.8423346877098083,0.021558227017521858,31400,1653,4396000,1.2618932723999023
0.7990123480558395,0.0303404089063406,31500,1654,4410000,1.270819067955017
0.7966821789741516,0.01854861155152321,31600,1655,4424000,1.2334619760513306
0.8727785646915436,0.014470190741121769,31700,1656,4438000,1.274899959564209
0.7984296381473541,0.0174592025578022,31800,1657,4452000,1.2501168251037598
0.9069632664322853,0.01396460086107254,31900,1658,4466000,1.2570120096206665
0.8644695729017258,0.016377324238419533,32000,1659,4480000,1.272357702255249
0.9323341250419617,0.007718817796558142,32100,1659,4494000,1.2608429193496704
0.9024978205561638,0.008728774264454842,32200,1660,4508000,1.283953309059143
0.923114724457264,0.009207570925354958,32300,1661,4522000,1.3133615255355835
0.9026062190532684,0.009492908604443073,32400,1662,4536000,1.2558389902114868
0.8872426375746727,0.012511921115219593,32500,1663,4550000,1.2505035400390625
0.6862974762916565,0.02928811125457287,32600,1664,4564000,1.2869234085083008
0.8599918335676193,0.017607346177101135,32700,1664,4578000,1.25770103931427
0.8669833391904831,0.011604929342865944,32800,1665,4592000,1.2439483404159546
0.8927439078688622,0.014930620789527893,32900,1666,4606000,1.1465442180633545
0.8445195704698563,0.01587163470685482,33000,1667,4620000,1.2101153135299683
0.942511610686779,0.008898576721549034,33100,1667,4634000,1.2417542934417725
0.9076334089040756,0.011470931582152843,33200,1668,4648000,1.249422311782837
0.9248882010579109,0.007936391979455948,33300,1669,4662000,1.2476749420166016
0.9307533726096153,0.011587937362492085,33400,1669,4676000,1.2988823652267456
0.867044597864151,0.013929340988397598,33500,1670,4690000,1.2203763723373413
0.9049565568566322,0.01265089213848114,33600,1672,4704000,1.2317450046539307
0.8604468405246735,0.013390595093369484,33700,1672,4718000,1.2565418481826782
0.933986246585846,0.009262465871870518,33800,1673,4732000,1.2021470069885254
0.7835355401039124,0.018900886178016663,33900,1674,4746000,1.239206314086914
0.868778184056282,0.014736611396074295,34000,1676,4760000,1.228431224822998
0.8511795252561569,0.017174266278743744,34100,1676,4774000,1.17805016040802
0.7524665147066116,0.02458980493247509,34200,1677,4788000,1.2371467351913452
0.7263819873332977,0.03134565427899361,34300,1679,4802000,1.193769931793213
0.7839070558547974,0.014395572245121002,34400,1680,4816000,1.243802547454834
0.9128207713365555,0.012021423317492008,34500,1681,4830000,1.1946430206298828
0.6805029511451721,0.021310314536094666,34600,1683,4844000,1.182371735572815
0.8122493177652359,0.013659841381013393,34700,1684,4858000,1.2873026132583618
0.8760582059621811,0.01826540380716324,34800,1685,4872000,1.2202699184417725
0.8722927421331406,0.020882226526737213,34900,1686,4886000,1.2605323791503906
0.9048180133104324,0.01069729682058096,35000,1688,4900000,1.1984015703201294
0.7982378154993057,0.01589048281311989,35100,1689,4914000,1.248224139213562
0.89166259765625,0.015818115323781967,35200,1689,4928000,1.2460901737213135
0.8498228639364243,0.017294103279709816,35300,1690,4942000,1.1950567960739136
0.8749091327190399,0.011005082167685032,35400,1692,4956000,1.2386269569396973
0.8159673660993576,0.019336769357323647,35500,1693,4970000,1.1573370695114136
0.8697194755077362,0.014266105368733406,35600,1694,4984000,1.2796586751937866
0.8891718685626984,0.015239548869431019,35700,1695,4998000,1.2737396955490112
0.7605636119842529,0.03747401759028435,35800,1696,5012000,1.25223970413208
0.8865882903337479,0.01311095803976059,35900,1697,5026000,1.229180932044983
0.9337229281663895,0.007781697902828455,36000,1698,5040000,1.2077656984329224
0.7822221219539642,0.026323603466153145,36100,1699,5054000,1.2294617891311646
0.827112227678299,0.01657671481370926,36200,1700,5068000,1.2686207294464111
0.8566689044237137,0.015252179466187954,36300,1701,5082000,1.2027474641799927
0.742770791053772,0.022554440423846245,36400,1702,5096000,1.203647255897522
0.8332120031118393,0.01645897887647152,36500,1703,5110000,1.211313009262085
0.8400678634643555,0.012463882565498352,36600,1704,5124000,1.2438746690750122
0.7917826175689697,0.019490210339426994,36700,1705,5138000,1.1716760396957397
0.8437166064977646,0.019841382279992104,36800,1706,5152000,1.2360451221466064
0.8486425876617432,0.013534222729504108,36900,1707,5166000,1.1770905256271362
0.6344800591468811,0.03320287540555,37000,1709,5180000,1.2107806205749512
0.7751442641019821,0.028057914227247238,37100,1710,5194000,1.214641809463501
0.8270757049322128,0.020399080589413643,37200,1711,5208000,1.2586426734924316
0.8423305600881577,0.015335862524807453,37300,1712,5222000,1.230865716934204
0.7826716005802155,0.02036873623728752,37400,1713,5236000,1.2080210447311401
0.781111478805542,0.02605399489402771,37500,1714,5250000,1.199383020401001
0.8655009716749191,0.018109848722815514,37600,1715,5264000,1.1623198986053467
0.9135938137769699,0.007652389816939831,37700,1717,5278000,1.1766104698181152
0.8642803430557251,0.020639315247535706,37800,1718,5292000,1.1902265548706055
0.819761648774147,0.01944778673350811,37900,1719,5306000,1.2473868131637573
0.9135549888014793,0.011724000796675682,38000,1720,5320000,1.1805790662765503
0.7098583579063416,0.020885726436972618,38100,1721,5334000,1.1521728038787842
0.7194066047668457,0.026243001222610474,38200,1722,5348000,1.158105492591858
0.7914364784955978,0.025173209607601166,38300,1723,5362000,1.257914423942566
0.8580790758132935,0.017002180218696594,38400,1725,5376000,1.200257658958435
0.8308704644441605,0.029485413804650307,38500,1726,5390000,1.2247231006622314
0.8487286418676376,0.01941058412194252,38600,1727,5404000,1.1448811292648315
0.7877923399209976,0.022785231471061707,38700,1728,5418000,1.1692678928375244
0.7537569254636765,0.025447795167565346,38800,1729,5432000,1.2573901414871216
0.8473025411367416,0.012570911087095737,38900,1731,5446000,1.2050484418869019
0.7564629018306732,0.03014223277568817,39000,1732,5460000,1.215126633644104
0.8461007922887802,0.017597585916519165,39100,1733,5474000,1.157293677330017
0.768691822886467,0.01589137502014637,39200,1734,5488000,1.215542197227478
0.7224814295768738,0.01830938644707203,39300,1736,5502000,1.2440431118011475
0.8202524930238724,0.02530973218381405,39400,1737,5516000,1.2152910232543945
0.8444681316614151,0.018592718988656998,39500,1738,5530000,1.2010433673858643
0.7450984120368958,0.018610944971442223,39600,1739,5544000,1.1929389238357544
0.7616306692361832,0.021454710513353348,39700,1740,5558000,1.2222707271575928
0.7988985776901245,0.023530466482043266,39800,1742,5572000,1.1674484014511108
0.8283767402172089,0.023286227136850357,39900,1743,5586000,1.1767915487289429
0.8191639333963394,0.016987085342407227,40000,1744,5600000,1.1564477682113647
0.7651698440313339,0.023144373670220375,40100,1745,5614000,1.0716569423675537
0.856324777007103,0.025092260912060738,40200,1747,5628000,1.191921353340149
0.7269521951675415,0.02053423412144184,40300,1748,5642000,1.0605076551437378
0.6576971709728241,0.037181928753852844,40400,1749,5656000,1.1610186100006104
0.7907377183437347,0.017589382827281952,40500,1750,5670000,1.0169647932052612
0.7414881587028503,0.029637210071086884,40600,1752,5684000,1.1062389612197876
0.7280109226703644,0.029004298150539398,40700,1753,5698000,1.1528587341308594
0.7635319828987122,0.032637059688568115,40800,1754,5712000,1.1611874103546143
0.8052441328763962,0.026967039331793785,40900,1755,5726000,1.1027482748031616
0.8665117770433426,0.015365878120064735,41000,1756,5740000,1.0720971822738647
0.8207725137472153,0.024921957403421402,41100,1757,5754000,1.055188536643982
0.8359779715538025,0.020911669358611107,41200,1759,5768000,1.1649409532546997
0.71291384100914,0.03239045664668083,41300,1760,5782000,1.169845461845398
0.6565192937850952,0.03622874990105629,41400,1761,5796000,1.1373316049575806
0.7045102119445801,0.020973507314920425,41500,1762,5810000,1.1240235567092896
0.6799324750900269,0.044485174119472504,41600,1764,5824000,1.0935249328613281
0.752775102853775,0.026652386412024498,41700,1765,5838000,1.1102466583251953
0.8082825541496277,0.02652999758720398,41800,1766,5852000,1.1177388429641724
0.7191744744777679,0.04190118610858917,41900,1767,5866000,1.1800727844238281
0.8406543135643005,0.015577718615531921,42000,1769,5880000,1.190419316291809
0.7382185757160187,0.03903765603899956,42100,1770,5894000,1.1368356943130493
0.6855711042881012,0.03369080647826195,42200,1771,5908000,1.0395127534866333
0.7867057025432587,0.02321021817624569,42300,1773,5922000,1.1754246950149536
0.8338097929954529,0.013818168081343174,42400,1774,5936000,1.1749414205551147
0.8750941306352615,0.018904855474829674,42500,1775,5950000,1.124215006828308
0.8588561862707138,0.011562302708625793,42600,1776,5964000,1.056058406829834
0.7079561352729797,0.03665880858898163,42700,1778,5978000,1.1247869729995728
0.7641232162714005,0.03184204176068306,42800,1779,5992000,1.1643402576446533
0.815303698182106,0.017809227108955383,42900,1780,6006000,1.1451029777526855
0.7965653240680695,0.02784041315317154,43000,1781,6020000,1.1262469291687012
0.8222347795963287,0.024639654904603958,43100,1783,6034000,1.1380228996276855
0.8571678847074509,0.015726637095212936,43200,1784,6048000,1.112847089767456
0.738672137260437,0.023795010522007942,43300,1785,6062000,1.0965262651443481
0.8105641007423401,0.03430736064910889,43400,1786,6076000,1.1562905311584473
0.7905046790838242,0.022781705483794212,43500,1787,6090000,1.0001239776611328
0.6109053492546082,0.029231034219264984,43600,1788,6104000,1.1129425764083862
0.8359383344650269,0.024588754400610924,43700,1790,6118000,1.0882974863052368
0.8146888464689255,0.01488138921558857,43800,1791,6132000,1.0451362133026123
0.3756917715072632,0.04076322913169861,43900,1792,6146000,1.0302006006240845
0.6832321286201477,0.01912549138069153,44000,1793,6160000,1.060125708580017
0.7640267908573151,0.018137091770768166,44100,1795,6174000,1.0638427734375
0.7917236387729645,0.015315401367843151,44200,1796,6188000,1.1192392110824585
0.7393058836460114,0.045107729732990265,44300,1797,6202000,1.1337465047836304
0.677561491727829,0.0507119782269001,44400,1798,6216000,1.1377778053283691
0.628196507692337,0.023334048688411713,44500,1799,6230000,1.066698431968689
0.7469095885753632,0.05160067602992058,44600,1801,6244000,1.1114920377731323
0.7065889835357666,0.022987177595496178,44700,1802,6258000,1.0977201461791992
0.7111803293228149,0.02420186996459961,44800,1803,6272000,1.063327670097351
0.8481632471084595,0.017886856570839882,44900,1804,6286000,0.9459967613220215
0.6920565068721771,0.028115645051002502,45000,1806,6300000,1.0112481117248535
0.7403709590435028,0.03136532008647919,45100,1807,6314000,1.1175525188446045
0.6873820424079895,0.025066034868359566,45200,1808,6328000,1.1479822397232056
0.8371092081069946,0.01753290556371212,45300,1809,6342000,1.1136304140090942
0.7547357976436615,0.021561069414019585,45400,1810,6356000,1.0721774101257324
0.7018681168556213,0.02514580450952053,45500,1811,6370000,1.1050763130187988
0.7657602578401566,0.01983923651278019,45600,1813,6384000,1.053468108177185
0.8582969754934311,0.020815717056393623,45700,1814,6398000,1.1566420793533325
0.7992878556251526,0.013126679696142673,45800,1815,6412000,1.0979676246643066
0.7279315888881683,0.05222529545426369,45900,1816,6426000,1.0434846878051758
0.7198953330516815,0.01595493219792843,46000,1817,6440000,1.04953134059906
0.7696647346019745,0.023527631536126137,46100,1819,6454000,1.0579043626785278
0.8283999711275101,0.013919834978878498,46200,1820,6468000,1.057638168334961
0.5837472379207611,0.03317948430776596,46300,1821,6482000,1.0590415000915527
0.6939902007579803,0.03807361051440239,46400,1822,6496000,1.0795294046401978
0.7179007232189178,0.022077683359384537,46500,1823,6510000,1.1279268264770508
0.7607080340385437,0.0269766878336668,46600,1825,6524000,1.1206032037734985
0.6971859633922577,0.03183405473828316,46700,1826,6538000,1.0844072103500366
0.6193594634532928,0.030798764899373055,46800,1827,6552000,1.1276500225067139
0.8535185605287552,0.015864549204707146,46900,1828,6566000,1.0720714330673218
0.845304861664772,0.017705703154206276,47000,1829,6580000,1.0004913806915283
0.7841975837945938,0.017872383818030357,47100,1831,6594000,1.0273938179016113
0.5487031042575836,0.034560006111860275,47200,1832,6608000,1.010573387145996
0.7297095656394958,0.019745290279388428,47300,1833,6622000,1.0649466514587402
0.5596939921379089,0.07355987280607224,47400,1834,6636000,0.9992071986198425
0.6912838220596313,0.04264984652400017,47500,1835,6650000,0.9622532725334167
0.6849939823150635,0.029492875561118126,47600,1836,6664000,1.037822961807251
0.726698487997055,0.021455489099025726,47700,1838,6678000,1.065281867980957
0.8568406254053116,0.01681525819003582,47800,1839,6692000,1.0369354486465454
0.704445481300354,0.025274431332945824,47900,1840,6706000,1.0548038482666016
0.7610914707183838,0.03392322361469269,48000,1841,6720000,1.0048186779022217
0.8874062597751617,0.01096851285547018,48100,1843,6734000,1.0301156044006348
0.5685953199863434,0.02257099747657776,48200,1844,6748000,0.9327278137207031
0.6859262585639954,0.021377168595790863,48300,1845,6762000,1.0518556833267212
0.47308868169784546,0.03145691379904747,48400,1846,6776000,1.0089441537857056
0.5394730567932129,0.03321850672364235,48500,1848,6790000,1.0081768035888672
0.8604005873203278,0.019029516726732254,48600,1849,6804000,1.0302761793136597
0.7748551666736603,0.013465026393532753,48700,1850,6818000,1.0985238552093506
0.7474345266819,0.028266072273254395,48800,1851,6832000,1.0749069452285767
0.6916089951992035,0.06956006586551666,48900,1852,6846000,1.071759581565857
0.7373352348804474,0.031638458371162415,49000,1854,6860000,1.0285141468048096
0.6373120844364166,0.02137485146522522,49100,1855,6874000,1.0636457204818726
0.611339271068573,0.029252562671899796,49200,1856,6888000,1.07273268699646
0.6984373033046722,0.04058521240949631,49300,1857,6902000,1.0543824434280396
0.6319156885147095,0.03433564305305481,49400,1858,6916000,1.0128142833709717
0.7808453738689423,0.01586160995066166,49500,1860,6930000,1.0483996868133545
0.6161496937274933,0.022901514545083046,49600,1861,6944000,1.0659637451171875
0.7815490961074829,0.02631228417158127,49700,1862,6958000,1.0263547897338867
0.6117799878120422,0.027132777497172356,49800,1863,6972000,0.9916969537734985
0.7851051241159439,0.017161021009087563,49900,1864,6986000,1.0022294521331787
0.8547686636447906,0.009480745531618595,50000,1865,7000000,0.9581948518753052
0.7590944021940231,0.024839693680405617,50100,1866,7014000,0.9981247186660767
0.7768577933311462,0.031080259010195732,50200,1867,7028000,1.0316646099090576
0.7159108519554138,0.029267696663737297,50300,1868,7042000,0.9315124750137329
0.65739905834198,0.025610044598579407,50400,1870,7056000,0.9797161817550659
0.9792816434055567,0.052449923008680344,50500,1871,7070000,1.0624041557312012
0.8461530059576035,0.02330407127737999,50600,1872,7084000,1.0416710376739502
0.7951811254024506,0.01955041103065014,50700,1873,7098000,1.0522449016571045
0.7686161994934082,0.027077632024884224,50800,1875,7112000,0.9002651572227478
0.7081661224365234,0.023873811587691307,50900,1876,7126000,1.042477011680603
0.6704723536968231,0.051253996789455414,51000,1877,7140000,1.042216181755066
0.7805320024490356,0.02556549198925495,51100,1878,7154000,1.000166893005371
0.6056945323944092,0.04912742227315903,51200,1879,7168000,0.9706640839576721
0.3647192716598511,0.06789232790470123,51300,1880,7182000,0.8575552701950073
0.6280125975608826,0.012995298020541668,51400,1882,7196000,0.9762006402015686
0.8288909941911697,0.0237265694886446,51500,1883,7210000,1.051879644393921
0.7041451632976532,0.021042902022600174,51600,1884,7224000,1.0563596487045288
0.7422443628311157,0.02579042874276638,51700,1885,7238000,1.054360270500183
0.5178286731243134,0.03955511376261711,51800,1886,7252000,0.9247057437896729
0.7716839909553528,0.039027679711580276,51900,1887,7266000,0.9709025621414185
0.8312873244285583,0.018113302066922188,52000,1889,7280000,0.9875903725624084
0.7539689689874649,0.05706960707902908,52100,1890,7294000,1.0033098459243774
0.5987641215324402,0.03755772486329079,52200,1891,7308000,0.9792251586914062
0.6818761229515076,0.031245408579707146,52300,1892,7322000,0.9364359974861145
0.6653566658496857,0.03437694162130356,52400,1893,7336000,0.9109253287315369
0.6442055702209473,0.04718657582998276,52500,1894,7350000,0.9806314706802368
0.7635559588670731,0.012225372716784477,52600,1896,7364000,0.998949408531189
0.8346898853778839,0.01576799526810646,52700,1897,7378000,1.0098049640655518
0.6909850835800171,0.03433585911989212,52800,1898,7392000,0.9550133943557739
0.6786463260650635,0.015337715856730938,52900,1899,7406000,1.0214347839355469
0.7208471298217773,0.03257517144083977,53000,1900,7420000,0.9971734285354614
0.6621778607368469,0.021468864753842354,53100,1901,7434000,0.9348974227905273
0.8734875470399857,0.03880760073661804,53200,1902,7448000,0.9813941121101379
0.6275620460510254,0.030728306621313095,53300,1904,7462000,1.0026140213012695
0.706763505935669,0.011027336120605469,53400,1905,7476000,0.9841862320899963
0.8642658442258835,0.009249108843505383,53500,1906,7490000,1.0538796186447144
0.7597538232803345,0.012111369520425797,53600,1907,7504000,1.051694631576538
0.8581679165363312,0.0447552390396595,53700,1908,7518000,0.9688959121704102
0.791843518614769,0.015306666493415833,53800,1909,7532000,1.028785228729248
0.7827514559030533,0.022993456572294235,53900,1910,7546000,0.9779092073440552
0.5960791409015656,0.0309850312769413,54000,1911,7560000,0.9553797245025635
0.5110417902469635,0.04376029223203659,54100,1912,7574000,0.9670636653900146
0.744533360004425,0.02403467334806919,54200,1913,7588000,0.9804520606994629
0.8097608834505081,0.011793164536356926,54300,1914,7602000,0.9806628823280334
0.31933093070983887,0.03278705105185509,54400,1915,7616000,0.9772467613220215
0.5463288128376007,0.06053716689348221,54500,1916,7630000,0.9925277829170227
0.782977432012558,0.013560369610786438,54600,1918,7644000,0.9990708231925964
0.8332869410514832,0.009397843852639198,54700,1919,7658000,0.9736036062240601
0.7027658522129059,0.03159647434949875,54800,1920,7672000,1.019683837890625
0.6547167897224426,0.018040193244814873,54900,1921,7686000,0.965332567691803
0.7745260298252106,0.013837550766766071,55000,1922,7700000,0.9885498881340027
0.7684390693902969,0.013179408386349678,55100,1923,7714000,0.9523833990097046
0.6620473861694336,0.018108075484633446,55200,1924,7728000,1.0331674814224243
0.7481490671634674,0.06783100217580795,55300,1925,7742000,0.9058375954627991
0.6851844489574432,0.018541354686021805,55400,1926,7756000,0.9449241757392883
0.5449378192424774,0.08332285284996033,55500,1928,7770000,0.8391377329826355
0.7817914932966232,0.0184312891215086,55600,1929,7784000,0.9822737574577332
0.6551872491836548,0.05794933810830116,55700,1930,7798000,0.9152064919471741
0.7242360711097717,0.015189193189144135,55800,1931,7812000,0.9055101275444031
0.6681781709194183,0.0164589062333107,55900,1932,7826000,0.9912957549095154
0.8205120265483856,0.031696829944849014,56000,1933,7840000,0.9584527015686035
0.8762037828564644,0.011447145603597164,56100,1934,7854000,1.004953384399414
0.71938356757164,0.02216293103992939,56200,1935,7868000,0.927904486656189
0.6898424327373505,0.029942722991108894,56300,1936,7882000,0.9988911151885986
0.5913432538509369,0.0817098543047905,56400,1937,7896000,0.9943649172782898
0.6738976538181305,0.035440921783447266,56500,1938,7910000,0.9716010093688965
0.7525911331176758,0.027764111757278442,56600,1939,7924000,0.9241800308227539
0.8508895486593246,0.021360909566283226,56700,1940,7938000,0.9248059988021851
0.7936415821313858,0.010356697253882885,56800,1941,7952000,1.0588390827178955
0.9881069958209991,0.05546138063073158,56900,1942,7966000,0.9289993047714233
0.8609665036201477,0.009395655244588852,57000,1944,7980000,0.9597528576850891
0.6373038291931152,0.04629712551832199,57100,1945,7994000,0.9176618456840515
0.8040686845779419,0.01522837020456791,57200,1946,8008000,0.9081521034240723
0.6853962242603302,0.062178101390600204,57300,1947,8022000,0.940446674823761
0.8141467720270157,0.010825552977621555,57400,1948,8036000,0.9565090537071228
0.8163829147815704,0.0262166578322649,57500,1949,8050000,0.9164687991142273
0.7286050915718079,0.08347101509571075,57600,1950,8064000,0.9607493877410889
0.6611441075801849,0.01888088509440422,57700,1951,8078000,0.9829314947128296
0.8710694760084152,0.021347898989915848,57800,1952,8092000,0.9829450249671936
0.7987781763076782,0.008435685187578201,57900,1953,8106000,0.9558543562889099
0.4664916396141052,0.04561707749962807,58000,1954,8120000,0.8560209274291992
0.8131035417318344,0.01535156462341547,58100,1955,8134000,0.9741170406341553
0.343341588973999,0.08175228536128998,58200,1956,8148000,0.9637199640274048
0.7040551602840424,0.029055306687951088,58300,1957,8162000,0.9736467599868774
0.8159896731376648,0.010070277377963066,58400,1958,8176000,0.8923022747039795
0.6049576103687286,0.08892802149057388,58500,1959,8190000,0.9778884053230286
0.6984619200229645,0.01930352672934532,58600,1960,8204000,0.9425541758537292
0.7586838006973267,0.019084343686699867,58700,1961,8218000,0.897777259349823
0.5333027243614197,0.06976643949747086,58800,1962,8232000,0.9202626943588257
0.9079081192612648,0.016857793554663658,58900,1963,8246000,1.018735647201538
0.8340674638748169,0.02203112095594406,59000,1964,8260000,0.9763022065162659
0.8535444885492325,0.020090974867343903,59100,1965,8274000,0.9058890342712402
0.6614687442779541,0.03901086375117302,59200,1966,8288000,0.8753165006637573
0.5525734126567841,0.024652110412716866,59300,1967,8302000,0.9024106860160828
0.6492650806903839,0.017298033460974693,59400,1968,8316000,0.9004083871841431
0.9054231494665146,0.06840936094522476,59500,1969,8330000,0.9073376655578613
0.7539169639348984,0.015838168561458588,59600,1970,8344000,0.9953171610832214
0.437705397605896,0.102155402302742,59700,1971,8358000,1.0020968914031982
0.5117817223072052,0.1858527511358261,59800,1972,8372000,0.8335587382316589
0.4822532534599304,0.11266086995601654,59900,1973,8386000,0.9170618057250977
0.6509800553321838,0.014578578993678093,60000,1974,8400000,0.8934767842292786
0.4060296416282654,0.02668340876698494,60100,1975,8414000,0.9068400859832764
0.529430627822876,0.07026779651641846,60200,1976,8428000,0.9568777084350586
0.6151818931102753,0.0865902528166771,60300,1977,8442000,0.9467738270759583
0.7478196918964386,0.04300467297434807,60400,1978,8456000,0.8509742617607117
0.5372134745121002,0.034951407462358475,60500,1979,8470000,0.949596107006073
0.5132378339767456,0.046233098953962326,60600,1980,8484000,0.8958069682121277
0.6539257168769836,0.022392848506569862,60700,1981,8498000,1.0131422281265259
0.5753480494022369,0.033265918493270874,60800,1982,8512000,0.9439634084701538
0.6796271800994873,0.0353003591299057,60900,1983,8526000,0.9482722878456116
0.7904450744390488,0.01395547203719616,61000,1984,8540000,0.9275825619697571
0.7187382578849792,0.013070199638605118,61100,1985,8554000,0.897246778011322
0.7490479946136475,0.07415860146284103,61200,1986,8568000,0.7870804667472839
0.6630306839942932,0.022382335737347603,61300,1987,8582000,0.861251950263977
0.680975615978241,0.017476385459303856,61400,1988,8596000,0.8869540095329285
0.9165211245417595,0.025407245382666588,61500,1989,8610000,0.8549533486366272
0.6655270755290985,0.014468390494585037,61600,1990,8624000,0.8754296898841858
0.8803644180297852,0.017864832654595375,61700,1991,8638000,0.843244731426239
0.7270096838474274,0.01668340153992176,61800,1992,8652000,0.9433026909828186
0.466818630695343,0.09190328419208527,61900,1993,8666000,0.9020674824714661
0.6695888638496399,0.018185829743742943,62000,1994,8680000,0.9630751609802246
0.5928036570549011,0.020450646057724953,62100,1994,8694000,0.8816248774528503
0.16763383150100708,0.04210803657770157,62200,1995,8708000,0.8669850826263428
0.739677220582962,0.013554544188082218,62300,1996,8722000,0.9299135208129883
0.9200359582901001,0.02494983561336994,62400,1997,8736000,0.9407389760017395
0.6580297350883484,0.09287890791893005,62500,1998,8750000,0.8799282312393188
0.4134800434112549,0.02106836624443531,62600,1999,8764000,0.9318831562995911
0.9141536578536034,0.019100477918982506,62700,2000,8778000,0.8464144468307495
0.7368569076061249,0.016205260530114174,62800,2001,8792000,0.9248103499412537
0.8295000791549683,0.006656689569354057,62900,2002,8806000,0.8950610160827637
0.7737249284982681,0.009131195023655891,63000,2003,8820000,0.8768391609191895
0.47725844383239746,0.3053179681301117,63100,2004,8834000,0.8839821219444275
0.5029608607292175,0.07510052621364594,63200,2005,8848000,0.9524057507514954
0.8722750842571259,0.022963786497712135,63300,2006,8862000,0.843865156173706
0.6327208876609802,0.1635798215866089,63400,2007,8876000,0.9389874339103699
0.9782685860991478,0.024945268407464027,63500,2008,8890000,0.8527504801750183
0.8800324127078056,0.47296538949012756,63600,2009,8904000,0.9354437589645386
0.8028469681739807,0.011980482377111912,63700,2009,8918000,0.8900738954544067
0.3812466859817505,0.03277718275785446,63800,2010,8932000,0.8513607382774353
0.8290269076824188,0.11284030228853226,63900,2011,8946000,0.8899472951889038
0.7714504599571228,0.02675224468111992,64000,2012,8960000,0.9983857274055481
0.7872285842895508,0.02559776045382023,64100,2013,8974000,0.8738186359405518
0.10555416345596313,0.32295480370521545,64200,2014,8988000,0.8113649487495422
0.7210854291915894,0.07517848163843155,64300,2015,9002000,0.7971669435501099
0.7480050921440125,0.017335981130599976,64400,2016,9016000,0.8646061420440674
0.513030081987381,0.03236093744635582,64500,2017,9030000,0.840586245059967
0.6631159782409668,0.01795811392366886,64600,2017,9044000,0.9795350432395935
0.7680648267269135,0.02237696759402752,64700,2018,9058000,0.8518457412719727
0.8216459453105927,0.2448936402797699,64800,2019,9072000,0.7849921584129333
0.8195921778678894,0.012374842539429665,64900,2020,9086000,0.8543468117713928
0.6775922179222107,0.02962842583656311,65000,2021,9100000,0.8595799207687378
0.9071625247597694,0.07436113804578781,65100,2022,9114000,0.8128557205200195
0.5131064355373383,0.03559102490544319,65200,2023,9128000,0.8652368187904358
0.7542919814586639,0.015309427864849567,65300,2024,9142000,0.8772380352020264
0.4755878448486328,0.0992610901594162,65400,2025,9156000,0.7921416759490967
0.5362502038478851,0.024423042312264442,65500,2026,9170000,0.9513156414031982
0.972092168405652,0.07009671628475189,65600,2027,9184000,0.9055940508842468
0.9726882167160511,0.08477398008108139,65700,2027,9198000,0.8501255512237549
0.9364587143063545,0.6278862357139587,65800,2028,9212000,0.7248838543891907
0.7574121356010437,0.043591588735580444,65900,2029,9226000,0.8256892561912537
0.8766190186142921,0.01818021386861801,66000,2030,9240000,0.8784565329551697
0.9599299468100071,0.025249509140849113,66100,2031,9254000,0.8456850051879883
0.8146330714225769,0.01409533154219389,66200,2032,9268000,0.9246597290039062
0.44805532693862915,0.10743477195501328,66300,2033,9282000,0.9210981130599976
0.7120929658412933,0.3747662305831909,66400,2034,9296000,0.7638037800788879
0.8096247017383575,0.046930134296417236,66500,2035,9310000,0.8919194340705872
0.7054545879364014,0.051498934626579285,66600,2035,9324000,0.8484309911727905
0.832837387919426,0.042384691536426544,66700,2036,9338000,0.8205603361129761
0.7944688498973846,0.06204337999224663,66800,2037,9352000,0.8726285696029663
0.9365424066781998,0.023176107555627823,66900,2038,9366000,0.8327500820159912
0.9710539691150188,0.034789398312568665,67000,2039,9380000,0.9011787176132202
0.8572903722524643,0.01179368793964386,67100,2040,9394000,0.983202338218689
0.9671575054526329,0.02475469931960106,67200,2041,9408000,0.9046305418014526
0.696302980184555,1.12307608127594,67300,2042,9422000,0.8397381901741028
0.8354510068893433,0.01686880737543106,67400,2043,9436000,0.8328822255134583
0.5603314638137817,0.04558231681585312,67500,2043,9450000,0.9216988682746887
0.7927801162004471,0.03401234745979309,67600,2044,9464000,0.9260556697845459
0.5716361403465271,0.04081286862492561,67700,2045,9478000,0.8399243950843811
0.8381918519735336,0.012623799033463001,67800,2046,9492000,0.8320357799530029
0.7414883077144623,0.11077576130628586,67900,2047,9506000,0.8367990851402283
0.8777687549591064,0.02574835903942585,68000,2048,9520000,0.9433364868164062
0.6619007885456085,0.9733496308326721,68100,2049,9534000,0.8094959259033203
0.7201198637485504,0.08303661644458771,68200,2050,9548000,0.7815582156181335
0.44085460901260376,1.9827333688735962,68300,2050,9562000,0.8690814971923828
0.6134121716022491,0.0635080561041832,68400,2051,9576000,0.8300297260284424
0.9543173052370548,0.02482648566365242,68500,2052,9590000,0.9228498339653015
0.7284826934337616,0.018623119220137596,68600,2053,9604000,0.8367247581481934
0.7932009547948837,0.07154018431901932,68700,2054,9618000,0.8910307884216309
0.8640204221010208,0.1273396909236908,68800,2055,9632000,0.7986674904823303
0.6390071213245392,0.06461379677057266,68900,2055,9646000,0.8814477920532227
0.9341452568769455,0.12833218276500702,69000,2056,9660000,0.889926552772522
0.9666743502020836,0.02616182342171669,69100,2057,9674000,0.8649812936782837
0.8930747658014297,0.05853130295872688,69200,2058,9688000,0.9123238921165466
0.8881879895925522,0.25428324937820435,69300,2059,9702000,0.8728417158126831
0.607157975435257,0.03359583020210266,69400,2059,9716000,0.9235417246818542
0.8357527554035187,0.009100242517888546,69500,2060,9730000,0.8876838088035583
0.9144036620855331,0.07181496918201447,69600,2061,9744000,0.9290005564689636
0.8385928124189377,0.04014376178383827,69700,2062,9758000,0.9080454707145691
0.4809828996658325,0.12958265841007233,69800,2062,9772000,1.0080641508102417
0.6490299701690674,0.017594629898667336,69900,2063,9786000,0.9756646156311035
0.9238243401050568,0.016772819682955742,70000,2064,9800000,0.9248578548431396
0.776769369840622,0.08461295068264008,70100,2065,9814000,0.9599574208259583
0.7191019952297211,0.061333995312452316,70200,2066,9828000,0.9591485261917114
0.4469744563102722,0.33920392394065857,70300,2067,9842000,0.870585560798645
0.7474102973937988,0.09260774403810501,70400,2067,9856000,0.8235616683959961
0.9417981654405594,0.03114304132759571,70500,2068,9870000,0.8704155683517456
0.8603664338588715,0.027209177613258362,70600,2069,9884000,0.8186424970626831
0.6824975907802582,0.039727140218019485,70700,2070,9898000,0.8600215315818787
0.8022617101669312,0.049400750547647476,70800,2071,9912000,0.9078050255775452
0.8774169534444809,0.013867035508155823,70900,2071,9926000,0.8767664432525635
0.7688230723142624,0.38750576972961426,71000,2072,9940000,0.8758397698402405
0.9517091438174248,0.03600851818919182,71100,2073,9954000,0.8774005770683289
0.9087538570165634,0.018540766090154648,71200,2074,9968000,0.8567188382148743
0.8711429238319397,0.01413329690694809,71300,2075,9982000,0.9473695755004883
0.9722711648792028,0.025134745985269547,71400,2076,9996000,0.8192459940910339
0.8492540121078491,0.1605461835861206,71500,2076,10010000,0.8113183379173279
0.828695997595787,0.050391245633363724,71600,2077,10024000,0.8593634366989136
0.9798046573996544,0.015652168542146683,71700,2078,10038000,0.8224810361862183
0.9211152493953705,0.017784057185053825,71800,2079,10052000,0.9474426507949829
0.5173642337322235,0.13967859745025635,71900,2079,10066000,0.8733711838722229
0.8635946065187454,0.1078534945845604,72000,2080,10080000,0.8942079544067383
0.8493740558624268,0.021376481279730797,72100,2081,10094000,0.8522420525550842
0.8370389938354492,0.04134482145309448,72200,2082,10108000,0.8582382798194885
0.931692585349083,0.06658580899238586,72300,2083,10122000,0.9133059978485107
0.9792663976550102,0.01711990125477314,72400,2083,10136000,0.816551923751831
0.6406186521053314,0.4095273017883301,72500,2084,10150000,0.7985876798629761
0.970372885465622,0.018911002203822136,72600,2085,10164000,0.7400485277175903
0.9423221610486507,0.04220166802406311,72700,2086,10178000,0.8540529012680054
0.9584878198802471,0.03142986819148064,72800,2087,10192000,0.8790495991706848
0.9444617442786694,0.040819525718688965,72900,2087,10206000,0.7799157500267029
0.8809834867715836,0.03820187225937843,73000,2088,10220000,0.8844140768051147
0.9012971296906471,0.01749013550579548,73100,2089,10234000,0.8681319952011108
0.42568206787109375,0.360446572303772,73200,2090,10248000,0.8034633994102478
0.950665071606636,0.052703917026519775,73300,2091,10262000,0.8912672996520996
0.958184365183115,0.04035394266247749,73400,2092,10276000,0.8440496325492859
0.8835422992706299,0.019115641713142395,73500,2092,10290000,0.8172219395637512
0.671288400888443,0.14065498113632202,73600,2093,10304000,0.9002773761749268
0.9181680828332901,0.026927154511213303,73700,2094,10318000,0.8684041500091553
0.7152316570281982,0.22982558608055115,73800,2095,10332000,0.8349314332008362
0.670112133026123,0.08982907980680466,73900,2095,10346000,0.8843176960945129
0.6050421297550201,0.22139683365821838,74000,2096,10360000,0.8677188754081726
0.9602399244904518,0.05019930750131607,74100,2097,10374000,0.8099505305290222
0.9521804265677929,0.017703106626868248,74200,2098,10388000,0.7939748764038086
0.9753151889890432,0.020364953204989433,74300,2099,10402000,0.8600783348083496
0.8914937898516655,0.04220917448401451,74400,2099,10416000,0.8021195530891418
0.874596580862999,0.03963060304522514,74500,2100,10430000,0.8575785756111145
0.6926246285438538,0.15314552187919617,74600,2101,10444000,0.8049733638763428
0.9264399781823158,0.030365923419594765,74700,2102,10458000,0.8701611757278442
0.9462962970137596,0.02806960605084896,74800,2102,10472000,0.856967031955719
0.5318259596824646,0.17132624983787537,74900,2103,10486000,0.8572077751159668
0.9185221642255783,0.018989237025380135,75000,2104,10500000,0.8482857942581177
0.921527236700058,0.06422215700149536,75100,2105,10514000,0.7959495782852173
0.9473037607967854,0.023854922503232956,75200,2105,10528000,0.8739672899246216
0.8065385669469833,0.1186361014842987,75300,2106,10542000,0.7623313069343567
0.9171629473567009,0.08363405615091324,75400,2107,10556000,0.7054107189178467
0.9464801251888275,0.030079910531640053,75500,2108,10570000,0.8678823113441467
0.9129225537180901,0.029617490246891975,75600,2109,10584000,0.8549963235855103
0.9098386615514755,0.02742237038910389,75700,2109,10598000,0.9069119095802307
0.5475533902645111,0.2698689103126526,75800,2110,10612000,0.8770816326141357
0.8834388330578804,0.08858213573694229,75900,2111,10626000,0.815281867980957
0.9357266277074814,0.04556373506784439,76000,2112,10640000,0.8298091888427734
0.9476383477449417,0.050193123519420624,76100,2112,10654000,0.7603790163993835
0.9744554366916418,0.019773880019783974,76200,2113,10668000,0.7854528427124023
0.9734945502132177,0.0614435188472271,76300,2114,10682000,0.8081697225570679
0.9805452469736338,0.025213588029146194,76400,2115,10696000,0.8471118807792664
0.9375142455101013,0.02137083187699318,76500,2115,10710000,0.7871248126029968
0.7927095741033554,0.2245105803012848,76600,2116,10724000,0.8265379071235657
0.9149828627705574,0.06676914542913437,76700,2117,10738000,0.8631023168563843
0.7741127610206604,0.168098583817482,76800,2118,10752000,0.8060038685798645
0.4187418222427368,0.33161434531211853,76900,2118,10766000,0.8386452794075012
0.9133945852518082,0.032022129744291306,77000,2119,10780000,0.8592755794525146
0.9382863156497478,0.10243137180805206,77100,2120,10794000,0.8006300330162048
0.8860821276903152,0.11355417966842651,77200,2121,10808000,0.7875909805297852
0.8378133624792099,0.10135684907436371,77300,2121,10822000,0.7983777523040771
0.9428714849054813,0.028356501832604408,77400,2122,10836000,0.9279703497886658
0.9652256108820438,0.02945861779153347,77500,2123,10850000,0.8629536628723145
0.34774231910705566,0.27939632534980774,77600,2124,10864000,0.7876101136207581
0.9735457729548216,0.03600044548511505,77700,2124,10878000,0.7578867077827454
0.9782079085707664,0.022741466760635376,77800,2125,10892000,0.8032209277153015
0.9401067718863487,0.06888643652200699,77900,2126,10906000,0.7388808727264404
0.9170563295483589,0.04158934950828552,78000,2127,10920000,0.7970842719078064
0.9140009507536888,0.05427735298871994,78100,2127,10934000,0.8099459409713745
0.9255908727645874,0.07671355456113815,78200,2128,10948000,0.9343452453613281
0.9296593964099884,0.0352124385535717,78300,2129,10962000,0.8209453225135803
0.9009145870804787,0.026158032938838005,78400,2129,10976000,0.7810072898864746
0.8123319745063782,0.12968993186950684,78500,2130,10990000,0.7990663647651672
