#{"t_start": 1520158911.0694466, "env_id": "BreakoutNoFrameskip-v4"}
r,l,t
2.0,224,4.171385
3.0,248,5.152526
4.0,316,6.620575
2.0,224,7.53813
0.0,129,8.011386
0.0,125,8.461168
0.0,127,8.923627
1.0,155,9.419374
2.0,204,10.103225
1.0,156,10.578107
0.0,127,11.046323
0.0,127,11.635526
0.0,129,12.273631
2.0,222,13.320088
0.0,127,13.932953
2.0,224,14.78109
0.0,129,15.361621
0.0,129,15.866775
0.0,127,16.356945
1.0,173,17.178731
4.0,301,18.164233
0.0,129,18.738385
1.0,155,19.45909
2.0,222,20.307327
1.0,155,20.858823
1.0,155,21.407921
0.0,129,22.021008
2.0,201,22.947613
3.0,232,24.050039
1.0,178,24.827569
2.0,221,25.698487
1.0,155,26.295042
1.0,173,27.037804
2.0,206,27.9601
4.0,277,29.323149
1.0,175,30.071992
2.0,205,31.04013
0.0,127,31.557317
2.0,203,32.458847
0.0,129,33.033477
3.0,250,34.068139
0.0,129,34.544942
2.0,223,35.393362
2.0,200,36.21675
1.0,157,36.992614
0.0,129,37.546114
1.0,153,38.150603
0.0,127,38.656586
1.0,155,39.312271
0.0,129,39.834209
0.0,129,40.44466
0.0,127,40.993847
0.0,129,41.53919
4.0,321,43.038206
2.0,225,43.923829
1.0,175,44.630164
2.0,204,45.50052
1.0,157,46.25842
0.0,127,46.921778
0.0,129,47.458424
3.0,255,48.611679
0.0,123,49.396605
0.0,123,50.394073
0.0,129,51.410615
1.0,171,52.677025
5.0,329,55.526552
0.0,129,56.646607
3.0,236,58.42054
1.0,173,59.793315
6.0,382,63.185843
3.0,250,65.266032
0.0,127,66.328115
0.0,129,67.409749
4.0,299,70.050448
0.0,129,71.231174
1.0,151,72.42674
0.0,127,73.568218
0.0,125,74.605602
0.0,125,75.57583
1.0,175,76.984948
2.0,203,78.591593
0.0,127,79.50616
3.0,238,81.320199
0.0,125,82.349044
1.0,155,83.624932
0.0,129,84.644876
1.0,173,86.06529
3.0,253,88.206257
1.0,176,89.7103
0.0,129,90.786431
2.0,224,92.585187
1.0,157,93.99468
1.0,176,95.494862
2.0,202,96.955833
1.0,155,98.056371
2.0,221,99.865166
1.0,172,101.163013
3.0,249,102.879896
0.0,125,103.766836
0.0,125,104.578975
1.0,171,105.690088
0.0,129,106.673994
0.0,125,107.67554
1.0,151,108.902899
3.0,268,110.864674
4.0,261,113.080473
0.0,125,114.148854
2.0,201,115.824203
0.0,127,116.708112
2.0,190,118.301536
1.0,175,119.640861
2.0,204,121.314668
0.0,127,122.392072
0.0,127,123.335956
1.0,173,124.804809
0.0,127,125.795988
2.0,224,127.537028
0.0,127,128.640265
0.0,127,129.636737
0.0,129,130.785184
1.0,155,132.059543
0.0,127,133.049732
0.0,129,134.065209
1.0,173,135.430047
2.0,205,137.823202
2.0,200,139.219678
1.0,153,140.313204
2.0,220,141.834764
2.0,203,143.492622
0.0,125,144.368757
1.0,173,145.842211
0.0,129,146.757597
0.0,127,147.675825
0.0,127,148.621687
0.0,123,149.644033
3.0,230,151.559739
0.0,125,152.557917
6.0,377,155.824579
1.0,155,157.124584
2.0,185,158.728576
1.0,174,160.153605
2.0,204,161.916856
1.0,173,163.414429
2.0,200,165.130837
0.0,127,166.118039
2.0,205,167.604539
1.0,177,168.896637
0.0,129,169.749068
1.0,173,170.858959
2.0,204,172.482199
4.0,299,174.590177
0.0,123,175.539177
1.0,172,176.986934
1.0,175,178.428472
1.0,156,179.627091
2.0,218,181.393444
3.0,272,183.561664
0.0,127,184.653444
1.0,171,185.968641
1.0,155,187.258566
0.0,125,188.140847
1.0,172,189.340894
3.0,231,190.872937
1.0,155,192.08927
0.0,123,193.039971
0.0,129,194.040508
2.0,220,195.977921
3.0,232,197.894993
3.0,250,200.018852
2.0,203,201.569575
0.0,127,202.547348
0.0,123,203.367284
0.0,129,204.349708
1.0,169,205.761477
1.0,154,207.149142
2.0,221,209.164499
2.0,222,211.199531
1.0,177,212.746337
0.0,129,213.841688
0.0,129,214.879677
1.0,155,216.138591
2.0,224,218.055823
0.0,127,219.103013
0.0,127,220.149481
0.0,127,221.176025
2.0,184,222.512518
0.0,129,223.44358
2.0,204,224.941853
1.0,157,225.999968
0.0,125,226.84331
1.0,173,228.304562
2.0,206,230.015132
3.0,252,232.262387
0.0,129,233.198
2.0,200,234.785903
3.0,272,236.730896
3.0,214,238.624669
3.0,247,240.724508
0.0,127,241.879931
1.0,172,243.366685
2.0,201,245.022548
1.0,172,246.215227
1.0,178,247.357589
3.0,253,249.428188
3.0,246,251.314442
0.0,127,252.362925
0.0,127,253.403654
2.0,224,255.384085
0.0,127,256.512221
1.0,176,257.894707
0.0,129,258.68521
1.0,173,260.065901
1.0,175,261.362968
7.0,422,264.561487
2.0,225,266.287046
1.0,175,267.755262
1.0,171,269.01422
0.0,129,270.02089
2.0,192,271.598165
0.0,125,272.512232
2.0,202,274.219749
0.0,127,275.263403
2.0,200,277.033922
1.0,175,278.292854
1.0,157,279.384483
0.0,123,280.157464
2.0,221,281.973602
2.0,206,283.838244
0.0,129,284.745867
1.0,175,286.241821
1.0,176,287.769766
3.0,248,289.755548
0.0,129,290.829185
0.0,129,291.838895
1.0,159,293.069179
6.0,360,296.182107
0.0,127,297.224649
2.0,224,298.944391
0.0,129,300.03209
1.0,157,301.437001
0.0,127,302.497211
2.0,200,304.198214
0.0,125,305.270248
2.0,221,307.06091
3.0,250,309.091647
2.0,224,311.647047
0.0,127,312.68064
2.0,202,314.343066
2.0,205,316.078891
2.0,224,317.888412
0.0,125,318.765228
4.0,285,321.059957
1.0,172,322.483697
3.0,213,324.108975
2.0,204,325.876442
1.0,175,327.209118
2.0,221,329.011651
2.0,202,330.780842
4.0,266,333.174471
1.0,153,334.422424
0.0,127,335.434221
0.0,125,336.493271
2.0,227,338.343161
0.0,127,339.359567
2.0,200,341.071619
4.0,302,343.408134
1.0,173,344.77739
0.0,129,345.852339
2.0,202,347.622986
0.0,129,348.770918
2.0,203,350.484445
0.0,127,351.600864
7.0,358,354.862184
4.0,299,357.537746
1.0,157,358.919093
2.0,203,360.390538
4.0,288,362.640762
1.0,157,364.014606
0.0,127,365.067374
1.0,172,366.59951
0.0,129,367.570095
4.0,279,369.986216
2.0,220,371.732132
3.0,248,373.76608
2.0,222,375.517196
2.0,187,376.995869
0.0,127,377.906997
0.0,125,378.974198
4.0,268,381.254158
1.0,155,382.526642
4.0,279,384.905182
0.0,127,385.938348
0.0,127,386.908768
2.0,221,388.762661
0.0,127,389.745477
4.0,265,392.052529
3.0,257,394.073854
1.0,173,395.482477
2.0,203,397.132884
0.0,129,398.103534
0.0,127,399.032898
1.0,157,400.347992
4.0,282,402.357372
1.0,172,403.451113
1.0,153,404.584733
1.0,176,405.977568
3.0,273,407.93415
2.0,202,409.498763
4.0,317,411.969986
0.0,129,412.892998
0.0,129,413.888917
2.0,224,415.464751
1.0,175,416.887972
0.0,129,418.018243
1.0,173,419.359878
0.0,125,420.412396
0.0,127,421.373808
1.0,175,422.814483
2.0,222,424.714419
0.0,127,425.720919
1.0,153,426.953285
1.0,175,428.382756
3.0,277,430.612336
0.0,125,431.588052
2.0,190,433.119902
3.0,252,435.04272
0.0,129,435.871169
5.0,301,437.987501
3.0,234,439.637595
0.0,125,440.472333
4.0,278,442.145653
1.0,176,443.254064
2.0,200,444.702548
1.0,177,446.116849
4.0,278,448.427058
0.0,129,449.462987
1.0,173,450.943255
4.0,303,453.635206
3.0,246,455.908259
1.0,173,457.427655
0.0,127,458.524017
2.0,220,460.41723
5.0,307,463.13892
1.0,172,464.609652
1.0,155,465.800462
1.0,155,467.180372
2.0,181,468.768699
2.0,223,470.705974
1.0,157,471.976162
3.0,270,474.191696
4.0,278,476.682579
1.0,171,477.996804
2.0,201,479.452576
3.0,233,481.284842
5.0,306,483.663124
4.0,300,486.714577
5.0,330,488.908841
1.0,157,489.964189
0.0,129,490.924747
1.0,173,492.453668
2.0,223,494.436559
1.0,155,495.689722
1.0,173,497.186374
1.0,173,498.690939
3.0,252,500.810805
0.0,125,501.839421
1.0,175,503.341137
0.0,127,504.396525
2.0,226,506.340898
1.0,157,507.61391
1.0,155,508.905564
7.0,326,511.339417
2.0,224,513.194531
1.0,171,514.656119
1.0,153,515.960071
0.0,127,517.020525
4.0,303,519.565964
1.0,153,520.720734
2.0,184,522.341858
3.0,257,524.511927
0.0,127,525.522731
0.0,127,526.475765
3.0,270,528.449954
0.0,129,529.561157
2.0,201,531.068873
0.0,123,532.128334
0.0,127,533.110855
0.0,129,534.049138
7.0,455,537.511923
0.0,127,538.559743
1.0,157,539.942679
4.0,299,542.513495
0.0,125,543.604263
1.0,155,544.967409
1.0,177,546.574255
3.0,249,548.650856
0.0,127,549.734319
4.0,283,552.204116
0.0,127,553.26161
1.0,174,554.757481
2.0,224,556.688171
0.0,129,557.587058
2.0,184,559.041228
0.0,127,560.133898
2.0,226,562.046659
4.0,284,564.347645
2.0,199,565.908943
4.0,301,568.406404
3.0,275,570.34866
2.0,201,571.966933
0.0,125,572.877481
0.0,127,573.822263
2.0,223,575.549172
0.0,129,576.382962
5.0,349,578.834477
5.0,338,581.761563
1.0,173,583.235426
4.0,302,585.553911
5.0,351,588.670656
0.0,127,589.787433
3.0,254,591.911467
0.0,127,592.849523
2.0,182,594.228036
2.0,202,595.903974
0.0,127,596.95744
1.0,157,598.305627
1.0,173,599.76095
2.0,224,601.599575
1.0,155,602.932519
3.0,248,605.074027
3.0,248,607.210744
4.0,282,609.657831
0.0,129,610.770343
1.0,171,612.329174
0.0,127,613.358117
4.0,299,615.511767
3.0,271,617.717525
2.0,218,619.593195
5.0,333,622.29276
1.0,157,623.551564
4.0,318,625.720047
1.0,153,626.856165
0.0,123,627.758256
0.0,125,628.797428
1.0,155,630.09262
2.0,228,631.985169
1.0,155,633.317661
1.0,157,634.644995
1.0,159,636.053445
2.0,202,637.830225
2.0,202,639.595186
6.0,360,642.811738
0.0,125,643.941827
2.0,222,646.016176
0.0,129,647.057541
0.0,129,647.933552
0.0,125,648.887851
2.0,200,650.260531
2.0,224,651.792846
2.0,224,653.56539
0.0,129,654.631626
4.0,298,656.932066
1.0,176,658.226976
2.0,188,659.548999
1.0,155,660.660539
1.0,175,662.09567
4.0,280,664.451781
3.0,270,666.567973
0.0,129,667.543575
4.0,278,669.729254
2.0,203,671.329011
2.0,187,673.005611
2.0,200,674.565682
0.0,129,675.57951
1.0,171,676.742077
1.0,174,677.760612
5.0,350,680.674176
2.0,206,682.275283
2.0,200,684.030438
2.0,190,685.604858
5.0,344,688.26462
1.0,157,689.59586
2.0,202,691.231667
4.0,281,693.191776
2.0,202,694.572017
2.0,204,696.143072
0.0,129,697.160044
1.0,175,698.491714
0.0,127,699.525747
1.0,176,700.996957
0.0,127,702.019825
1.0,155,703.283376
0.0,129,704.340945
1.0,177,705.708658
1.0,173,707.124476
3.0,231,708.705252
1.0,175,710.088331
2.0,221,711.865683
4.0,300,714.13748
1.0,177,715.685044
0.0,127,716.752584
0.0,129,717.760407
2.0,183,719.173877
5.0,352,722.006569
0.0,125,723.02318
3.0,232,724.849316
1.0,157,726.131683
2.0,224,728.054581
2.0,184,729.503476
4.0,264,731.622484
0.0,129,732.676404
2.0,185,734.059855
0.0,127,734.901398
2.0,223,736.467806
3.0,251,738.298335
6.0,364,741.440786
1.0,157,742.588839
2.0,205,744.272333
0.0,125,745.262778
2.0,184,746.810066
0.0,123,747.757206
3.0,230,749.474365
2.0,200,751.004333
1.0,175,752.28922
4.0,276,754.18595
4.0,324,756.241031
6.0,396,758.739808
3.0,248,760.83853
0.0,127,761.924653
2.0,224,763.578491
5.0,346,766.49402
2.0,225,768.305279
0.0,127,769.271281
2.0,220,770.787121
1.0,169,772.114668
1.0,153,773.250977
0.0,129,774.124034
0.0,125,774.919669
0.0,127,775.759256
2.0,198,777.147436
1.0,173,778.300886
2.0,205,779.883545
1.0,173,781.303264
4.0,283,783.555634
1.0,172,784.704217
1.0,171,785.892906
0.0,125,786.876649
2.0,224,788.619227
3.0,276,790.598675
4.0,301,792.897123
1.0,173,794.178621
3.0,251,795.971785
4.0,301,798.338336
2.0,203,799.901681
0.0,125,800.787564
1.0,173,801.956299
2.0,223,803.78652
2.0,219,805.455458
4.0,243,807.058974
3.0,236,808.837198
1.0,176,810.194372
0.0,127,811.291997
3.0,268,813.512436
1.0,175,814.987472
1.0,155,816.215323
1.0,157,817.604665
2.0,228,819.534782
1.0,157,820.895053
3.0,270,823.054127
0.0,129,824.034443
2.0,223,825.87026
4.0,304,828.37126
3.0,228,830.263024
3.0,255,832.256974
4.0,324,834.879957
3.0,270,837.167712
2.0,190,838.836536
1.0,157,840.116256
7.0,410,843.525289
2.0,199,845.21169
0.0,127,846.239508
2.0,186,847.815771
1.0,173,849.274611
3.0,230,851.083311
5.0,356,853.991035
3.0,256,855.785326
0.0,127,856.676401
1.0,175,858.003136
2.0,201,859.563031
0.0,129,860.574214
1.0,173,861.768382
2.0,226,863.619409
0.0,129,864.639382
3.0,250,866.564858
1.0,173,867.877018
2.0,201,869.422832
0.0,127,870.366148
0.0,129,871.321009
1.0,178,872.577528
0.0,127,873.474068
6.0,404,876.917542
1.0,155,878.086786
5.0,354,881.18803
2.0,188,882.725374
2.0,207,884.398534
2.0,203,886.1001
0.0,125,887.181201
1.0,173,888.678539
0.0,129,889.675013
1.0,175,891.127029
1.0,171,892.44779
1.0,175,893.856868
1.0,171,895.363588
1.0,177,896.85886
0.0,123,897.941462
2.0,199,899.588877
0.0,129,900.632674
8.0,354,903.763201
1.0,155,905.041778
0.0,127,906.127865
1.0,173,907.657346
3.0,248,909.738631
1.0,177,911.189633
3.0,273,913.512902
0.0,127,914.381905
2.0,187,916.048719
3.0,252,918.229742
2.0,204,919.981183
2.0,225,921.988125
0.0,127,923.076241
2.0,220,924.833301
0.0,127,925.876408
3.0,270,928.25685
1.0,177,929.692139
3.0,218,931.451001
2.0,204,933.147401
2.0,226,935.009389
7.0,396,938.306883
4.0,251,940.219125
0.0,129,941.122224
1.0,156,942.169377
2.0,187,943.656179
2.0,184,945.278638
3.0,252,947.311117
1.0,173,948.744204
1.0,157,950.023595
5.0,312,952.690657
2.0,201,954.441044
1.0,155,955.830875
0.0,129,956.977688
4.0,297,959.601907
4.0,323,962.437236
0.0,127,963.485847
0.0,127,964.483972
0.0,125,965.505246
0.0,125,966.384569
3.0,234,968.188416
0.0,125,969.132316
2.0,201,970.545517
0.0,127,971.435292
0.0,129,972.44918
2.0,201,973.848903
0.0,125,974.70053
1.0,153,975.833287
2.0,224,977.662975
3.0,249,979.665341
1.0,173,980.999392
1.0,175,982.182852
3.0,251,983.924222
1.0,173,985.117794
2.0,181,986.309894
4.0,318,988.63027
0.0,129,989.580255
1.0,157,990.87802
4.0,243,992.820906
11.0,493,996.931606
1.0,155,998.011
4.0,299,1000.239419
5.0,320,1002.989821
1.0,173,1004.575429
0.0,129,1005.710123
2.0,201,1007.464538
4.0,298,1009.794626
2.0,222,1011.413836
2.0,198,1012.890196
0.0,127,1013.810549
4.0,299,1016.058814
0.0,127,1017.111394
0.0,127,1018.085004
1.0,157,1019.270607
3.0,247,1020.972223
1.0,153,1022.182695
2.0,202,1023.707243
0.0,127,1024.684119
0.0,127,1025.641954
0.0,129,1026.726559
3.0,268,1028.926657
2.0,220,1030.827069
4.0,287,1033.025873
0.0,125,1033.902725
0.0,129,1034.81181
0.0,125,1035.721013
3.0,256,1037.508283
1.0,175,1038.629885
4.0,300,1040.801553
1.0,157,1041.979669
3.0,251,1043.79533
5.0,354,1046.475819
1.0,178,1047.843695
0.0,129,1048.720884
2.0,200,1050.101043
2.0,199,1051.668273
2.0,182,1053.285475
1.0,176,1054.709786
1.0,153,1055.836981
5.0,349,1058.986626
11.0,503,1063.462463
0.0,129,1064.507321
3.0,220,1066.35115
0.0,129,1067.182527
4.0,322,1069.793039
1.0,173,1071.228673
0.0,127,1072.285031
2.0,225,1074.319784
1.0,175,1075.730579
2.0,202,1077.276846
4.0,323,1080.097202
1.0,153,1081.37154
1.0,155,1082.723236
1.0,174,1084.120024
5.0,326,1086.930398
0.0,129,1088.051905
1.0,173,1089.590789
3.0,231,1091.546873
4.0,316,1094.288789
5.0,325,1097.112451
1.0,155,1098.307838
9.0,380,1101.203716
0.0,129,1101.959591
9.0,398,1104.850658
0.0,129,1105.805974
1.0,155,1106.840245
2.0,224,1108.709167
2.0,186,1110.310497
5.0,331,1112.976433
2.0,201,1114.577979
0.0,129,1115.57232
0.0,127,1116.614065
5.0,353,1119.476521
2.0,200,1120.96481
2.0,204,1122.581298
0.0,129,1123.497689
3.0,232,1125.302748
4.0,318,1127.658743
6.0,398,1130.823924
3.0,248,1132.654709
0.0,129,1133.568056
2.0,226,1135.238899
0.0,125,1136.300324
2.0,203,1137.850878
3.0,250,1139.933828
5.0,342,1142.708768
0.0,123,1143.602729
2.0,204,1145.190544
1.0,171,1146.401971
2.0,183,1147.730044
3.0,273,1149.596405
2.0,204,1150.944764
1.0,173,1152.217101
3.0,269,1154.347616
1.0,155,1155.521715
2.0,203,1157.173108
2.0,206,1158.940205
0.0,125,1159.9466
1.0,157,1161.173123
4.0,281,1163.442998
1.0,173,1164.787109
5.0,334,1167.725318
1.0,176,1169.129332
5.0,350,1172.145295
0.0,129,1173.138023
3.0,211,1174.701724
4.0,268,1176.657388
5.0,311,1179.070266
5.0,352,1181.54901
1.0,173,1182.794277
3.0,248,1184.62117
2.0,185,1186.249167
4.0,301,1188.878967
0.0,127,1189.854511
0.0,127,1190.906605
1.0,155,1192.150943
5.0,308,1194.42104
2.0,224,1196.133324
2.0,224,1197.902707
0.0,125,1198.726949
9.0,542,1202.818918
1.0,177,1204.309323
0.0,127,1205.315014
3.0,249,1207.36149
1.0,155,1208.601782
0.0,129,1209.651445
2.0,201,1211.356008
5.0,312,1213.797391
2.0,201,1215.359721
5.0,329,1217.856056
3.0,270,1220.103293
2.0,201,1221.802527
1.0,173,1223.347284
2.0,202,1225.079345
5.0,350,1228.220711
3.0,248,1230.261669
2.0,220,1232.157418
1.0,178,1233.627176
3.0,251,1235.680476
1.0,176,1237.080889
0.0,125,1238.026955
2.0,190,1239.631281
1.0,156,1241.020032
2.0,204,1242.658685
4.0,280,1244.923565
2.0,186,1246.548548
1.0,155,1247.833841
3.0,231,1249.670377
2.0,203,1251.043989
3.0,217,1252.410933
3.0,234,1253.983849
0.0,125,1255.000598
2.0,221,1256.818022
1.0,173,1258.256915
0.0,127,1259.206141
0.0,125,1260.202276
2.0,199,1261.895611
3.0,266,1264.142464
7.0,322,1266.958981
5.0,350,1269.810185
0.0,129,1270.904085
2.0,184,1272.374835
1.0,156,1273.666201
4.0,278,1275.865016
3.0,250,1277.948484
1.0,173,1279.440853
1.0,175,1280.711052
2.0,205,1282.419255
2.0,186,1283.944305
3.0,256,1286.054685
2.0,221,1287.677807
2.0,228,1289.260082
4.0,278,1291.43053
0.0,127,1292.411559
4.0,282,1294.816709
0.0,127,1295.767569
0.0,129,1296.816996
2.0,187,1298.422822
4.0,297,1300.923023
3.0,216,1302.816837
2.0,201,1304.599807
2.0,205,1306.183255
3.0,272,1308.460203
5.0,289,1310.663831
5.0,291,1312.565409
1.0,173,1313.59054
1.0,173,1314.603995
3.0,234,1315.984665
3.0,270,1317.612687
8.0,409,1320.106294
0.0,125,1320.831537
1.0,155,1321.734882
12.0,528,1326.183516
4.0,284,1328.570161
1.0,176,1330.12057
0.0,127,1331.063183
2.0,185,1332.486791
2.0,224,1334.334701
0.0,127,1335.295163
2.0,206,1337.756214
2.0,185,1339.208084
0.0,127,1340.081407
0.0,125,1341.12623
2.0,218,1342.746619
2.0,199,1344.174433
1.0,153,1345.301013
1.0,157,1346.521822
1.0,153,1347.606482
1.0,173,1348.780166
3.0,273,1350.608756
1.0,157,1351.522681
2.0,202,1352.857949
1.0,155,1354.007323
1.0,175,1355.4815
3.0,235,1357.471133
1.0,172,1358.938362
4.0,282,1361.236233
1.0,173,1362.80341
4.0,281,1365.312315
4.0,284,1367.670895
2.0,186,1369.086642
3.0,251,1371.22676
3.0,232,1373.056069
2.0,222,1374.701987
4.0,300,1377.121136
0.0,129,1378.236571
2.0,226,1379.983218
1.0,157,1381.292061
3.0,252,1383.273545
2.0,222,1384.901026
3.0,254,1387.056831
3.0,214,1388.544587
8.0,375,1391.588706
3.0,274,1393.97988
5.0,295,1396.461487
3.0,226,1398.241646
0.0,127,1399.129963
3.0,255,1401.11093
3.0,231,1402.884186
2.0,201,1404.454165
3.0,250,1406.511431
1.0,157,1407.647006
1.0,175,1408.754898
1.0,157,1409.702639
1.0,176,1410.916734
0.0,129,1411.867383
1.0,170,1413.13649
2.0,186,1414.603472
3.0,255,1416.912622
2.0,185,1418.388433
2.0,222,1419.969788
0.0,129,1420.875297
3.0,252,1422.647555
1.0,171,1423.935272
3.0,256,1425.85465
3.0,251,1427.776177
0.0,127,1428.700847
4.0,300,1430.750518
3.0,273,1432.824721
3.0,232,1434.339861
7.0,392,1437.339251
2.0,204,1439.045013
4.0,282,1441.386686
1.0,152,1442.569395
0.0,129,1443.607219
3.0,251,1445.694564
2.0,183,1447.272192
2.0,181,1448.826203
2.0,204,1450.490565
5.0,349,1453.341938
7.0,410,1456.365434
2.0,202,1457.737302
1.0,175,1458.944359
1.0,157,1460.143349
2.0,202,1461.872821
5.0,329,1464.702581
3.0,230,1466.670292
1.0,175,1468.078344
1.0,153,1469.253501
3.0,219,1471.115935
1.0,151,1472.098824
2.0,204,1473.32731
3.0,255,1475.210977
9.0,404,1478.319924
4.0,258,1480.413546
5.0,318,1482.751617
2.0,206,1484.250916
0.0,127,1485.20829
3.0,272,1487.149662
1.0,155,1488.388813
2.0,205,1490.077689
2.0,220,1491.878053
5.0,370,1494.600633
2.0,224,1496.396808
1.0,155,1497.621076
1.0,174,1499.078468
10.0,449,1502.525006
3.0,255,1504.60483
5.0,351,1507.625896
4.0,280,1509.922161
0.0,125,1510.939376
2.0,205,1512.292269
2.0,206,1513.888219
4.0,303,1516.216337
3.0,246,1518.35051
1.0,153,1519.704234
1.0,177,1521.310487
5.0,351,1524.276706
7.0,326,1527.002526
1.0,171,1528.214185
1.0,175,1529.3901
5.0,327,1531.755514
0.0,127,1532.726646
5.0,311,1535.04346
0.0,125,1535.981042
5.0,316,1538.276093
3.0,250,1540.304749
2.0,204,1542.016584
2.0,200,1543.651552
1.0,155,1544.698382
4.0,297,1547.080408
3.0,278,1549.302218
1.0,175,1550.618129
0.0,129,1551.475547
4.0,283,1553.481627
4.0,299,1555.743045
3.0,248,1557.831372
1.0,171,1559.213597
4.0,283,1561.314169
2.0,206,1562.67923
2.0,202,1564.153621
1.0,173,1565.418158
3.0,274,1567.569142
7.0,450,1570.937933
4.0,303,1573.448212
1.0,157,1574.711457
3.0,248,1576.661899
2.0,201,1578.366206
3.0,230,1580.390137
0.0,129,1581.349839
3.0,251,1583.35201
4.0,283,1585.570493
3.0,271,1587.912518
3.0,253,1589.899442
3.0,274,1592.204908
5.0,315,1594.818618
5.0,347,1597.783983
1.0,159,1599.174906
1.0,175,1600.547902
3.0,236,1602.63546
0.0,125,1603.751934
5.0,306,1606.23782
3.0,233,1608.2761
0.0,127,1609.353254
3.0,251,1611.383237
4.0,265,1613.382895
10.0,446,1616.69993
0.0,125,1617.568696
3.0,233,1619.337816
4.0,299,1621.771615
1.0,155,1622.900404
6.0,363,1625.531025
2.0,185,1626.669266
3.0,221,1628.37708
3.0,253,1630.569418
1.0,157,1631.863319
2.0,181,1633.34224
6.0,375,1636.612875
5.0,315,1639.414702
5.0,333,1642.422017
3.0,251,1644.575805
4.0,291,1647.25693
2.0,221,1649.11475
2.0,206,1650.842458
2.0,200,1652.569499
2.0,201,1654.448513
6.0,348,1657.65706
1.0,155,1658.949778
5.0,316,1661.677726
0.0,127,1662.786961
2.0,201,1664.377746
4.0,308,1666.92433
3.0,269,1669.27509
5.0,325,1671.749657
1.0,175,1672.975895
0.0,127,1674.782892
3.0,253,1676.552965
5.0,306,1678.84154
1.0,155,1679.985018
4.0,286,1682.076662
7.0,447,1685.5882
2.0,202,1687.126395
4.0,302,1689.460235
0.0,129,1690.50322
2.0,200,1692.077313
1.0,171,1693.387251
2.0,184,1694.879362
4.0,285,1696.96732
5.0,319,1699.312771
4.0,302,1701.381088
1.0,159,1702.611388
4.0,299,1704.631336
1.0,155,1705.522656
14.0,426,1708.505619
1.0,173,1709.839818
1.0,153,1711.074681
1.0,173,1712.489988
2.0,206,1714.250462
1.0,155,1715.509242
5.0,345,1718.187681
5.0,329,1720.921453
3.0,239,1722.862398
3.0,256,1724.82013
1.0,157,1725.906418
3.0,252,1727.549097
3.0,254,1729.419056
2.0,202,1731.092531
4.0,317,1733.654435
3.0,258,1735.819118
5.0,350,1738.635534
4.0,325,1741.286243
0.0,129,1742.151931
4.0,282,1744.270872
4.0,316,1746.829911
3.0,234,1748.453633
3.0,250,1750.312702
3.0,249,1752.215935
3.0,252,1754.327053
10.0,453,1758.022693
2.0,221,1759.734879
4.0,283,1761.988998
0.0,129,1762.995459
4.0,273,1765.103284
3.0,214,1766.612833
1.0,175,1767.947693
5.0,329,1770.355938
4.0,299,1772.850231
4.0,246,1774.872636
4.0,267,1777.094867
1.0,155,1778.345966
1.0,155,1779.646187
1.0,176,1781.134399
2.0,204,1782.85956
3.0,273,1785.112399
5.0,308,1787.965611
3.0,251,1790.154382
2.0,201,1791.734045
2.0,226,1793.278417
2.0,223,1795.203103
2.0,200,1796.63968
5.0,346,1799.530927
2.0,187,1801.206549
7.0,414,1804.614096
1.0,175,1806.058586
5.0,329,1808.883616
2.0,224,1810.724286
4.0,288,1813.14674
0.0,129,1813.920682
0.0,127,1814.65476
2.0,206,1815.972487
3.0,267,1817.919566
0.0,129,1818.846811
2.0,218,1820.513007
5.0,345,1823.04468
2.0,183,1824.32902
2.0,187,1825.719067
5.0,326,1828.129833
0.0,127,1828.865569
0.0,127,1829.595617
0.0,127,1830.471374
3.0,210,1832.213845
2.0,204,1833.706954
4.0,306,1835.986844
1.0,157,1837.00489
1.0,171,1838.118508
6.0,398,1841.637158
0.0,129,1842.771938
0.0,127,1843.876569
0.0,129,1844.968348
2.0,223,1846.760364
3.0,218,1848.57665
6.0,377,1851.779649
5.0,328,1854.557971
1.0,157,1855.892526
4.0,304,1858.531505
1.0,176,1860.045028
4.0,302,1862.418638
2.0,183,1863.824458
2.0,183,1865.306328
3.0,235,1867.024602
8.0,464,1870.556875
1.0,173,1871.870494
0.0,129,1872.734513
4.0,259,1874.854574
4.0,279,1876.851674
1.0,155,1877.933698
2.0,217,1879.221761
2.0,190,1880.413933
1.0,157,1881.527717
1.0,174,1882.942461
4.0,322,1885.41168
2.0,224,1887.171981
1.0,173,1888.456585
6.0,374,1891.67088
1.0,173,1892.777346
2.0,230,1894.220783
1.0,173,1895.387526
2.0,224,1896.853775
3.0,234,1898.465947
4.0,300,1900.712304
0.0,129,1901.636827
3.0,234,1903.090417
2.0,187,1904.356589
2.0,188,1905.716062
2.0,205,1907.280407
2.0,223,1909.260504
6.0,383,1912.250593
4.0,281,1914.542472
4.0,302,1916.837518
2.0,221,1918.680226
7.0,410,1922.251184
5.0,329,1925.229935
2.0,223,1927.112126
3.0,271,1929.305083
2.0,219,1931.084304
1.0,176,1932.503662
4.0,324,1935.154052
1.0,171,1936.571453
4.0,262,1938.838222
1.0,174,1940.195671
2.0,202,1941.938055
4.0,262,1944.25159
3.0,251,1946.149375
2.0,219,1947.934725
4.0,301,1950.175107
5.0,334,1952.772738
3.0,236,1954.358049
3.0,249,1955.975552
3.0,271,1958.150507
3.0,250,1960.175776
4.0,297,1962.539898
6.0,399,1965.266044
3.0,271,1967.248753
2.0,206,1969.095589
7.0,366,1972.092154
3.0,249,1973.840798
2.0,186,1975.406508
1.0,175,1976.87145
1.0,157,1978.173454
5.0,353,1981.078703
4.0,301,1983.663968
5.0,341,1986.242225
0.0,127,1987.072625
3.0,233,1988.916632
1.0,155,1990.179107
0.0,129,1991.136822
0.0,127,1992.136918
6.0,327,1994.832315
5.0,353,1997.799448
2.0,206,1999.553883
1.0,155,2000.825212
3.0,249,2002.717074
1.0,175,2004.136268
3.0,255,2006.280262
3.0,233,2008.212382
5.0,317,2010.794575
7.0,379,2014.212409
5.0,367,2017.283876
4.0,266,2019.153257
4.0,294,2021.479526
4.0,300,2023.584161
0.0,127,2024.49433
0.0,129,2025.463991
2.0,186,2026.758502
2.0,205,2028.377632
6.0,362,2031.160399
3.0,233,2033.199954
8.0,495,2036.953019
2.0,224,2038.591514
3.0,252,2040.253811
4.0,284,2042.346166
2.0,222,2044.14989
2.0,203,2045.732295
2.0,188,2047.219362
2.0,204,2048.793757
3.0,248,2050.876322
3.0,230,2052.786436
2.0,183,2054.327791
4.0,283,2056.591313
1.0,155,2057.716692
2.0,204,2059.335453
2.0,188,2060.984006
4.0,301,2063.553464
7.0,427,2067.250288
2.0,228,2069.18997
4.0,318,2071.827883
3.0,233,2073.849958
0.0,129,2074.953093
0.0,127,2076.061817
0.0,125,2077.167274
2.0,224,2079.190153
4.0,267,2081.299311
2.0,229,2083.00681
2.0,202,2084.259694
2.0,201,2085.908079
1.0,157,2087.214546
3.0,232,2089.058008
10.0,443,2092.517162
8.0,457,2096.071122
4.0,263,2098.075225
7.0,439,2101.347138
3.0,219,2102.860219
1.0,155,2103.960482
1.0,153,2105.189539
1.0,171,2106.452851
5.0,327,2109.103404
9.0,371,2111.890058
2.0,185,2113.151153
3.0,278,2115.33409
7.0,324,2117.610745
3.0,239,2119.528157
0.0,127,2120.50098
2.0,201,2122.07236
2.0,224,2123.754371
0.0,125,2124.619972
8.0,459,2128.50833
1.0,155,2129.804667
2.0,222,2131.550829
5.0,367,2134.509413
3.0,255,2136.591488
2.0,201,2138.337711
0.0,129,2139.403258
3.0,250,2141.546404
4.0,283,2143.906318
2.0,185,2145.409531
4.0,303,2147.908787
1.0,155,2149.10677
3.0,249,2151.079514
3.0,251,2153.098798
2.0,180,2154.436413
3.0,236,2156.408489
5.0,290,2158.533158
3.0,235,2160.168947
0.0,129,2160.997199
2.0,223,2162.542873
2.0,202,2164.029065
12.0,518,2168.360451
0.0,127,2169.373621
1.0,173,2170.754984
5.0,326,2173.550133
3.0,250,2175.747693
4.0,283,2178.20023
5.0,309,2180.759845
0.0,129,2181.663698
2.0,185,2182.913086
0.0,127,2183.85706
2.0,225,2185.736108
0.0,127,2186.830933
1.0,175,2188.372153
1.0,173,2189.90065
6.0,379,2193.234712
4.0,315,2195.834939
1.0,155,2197.133673
0.0,129,2198.143194
3.0,221,2199.999116
0.0,127,2200.895778
2.0,202,2202.31742
3.0,254,2204.371609
3.0,272,2206.687055
8.0,409,2210.086708
3.0,216,2211.922096
1.0,157,2213.186933
1.0,155,2214.433083
6.0,359,2217.6055
1.0,171,2219.067232
1.0,155,2220.17119
7.0,375,2223.268019
2.0,204,2224.826812
0.0,127,2225.813223
2.0,204,2227.611575
3.0,216,2229.396645
3.0,254,2231.186072
0.0,127,2231.974412
2.0,204,2233.48353
5.0,351,2235.944086
3.0,240,2237.854452
1.0,153,2238.946673
2.0,203,2240.3875
5.0,332,2243.088135
6.0,400,2246.340865
4.0,293,2248.739857
4.0,281,2250.96993
7.0,429,2254.526258
2.0,186,2256.079215
0.0,127,2257.098223
0.0,125,2258.160199
4.0,318,2260.866766
0.0,129,2261.806003
2.0,204,2263.445023
4.0,260,2265.307562
2.0,203,2266.687585
0.0,129,2267.473559
3.0,233,2269.379518
7.0,385,2272.538444
2.0,225,2274.084666
1.0,175,2275.285567
1.0,173,2276.426537
4.0,262,2278.375413
2.0,192,2280.027567
2.0,224,2281.620275
0.0,129,2282.619842
2.0,220,2284.172992
5.0,332,2286.179585
4.0,303,2288.537224
4.0,282,2290.930999
4.0,303,2293.161369
0.0,129,2294.114187
0.0,129,2295.047496
3.0,250,2297.180311
2.0,227,2299.234216
2.0,204,2301.090462
2.0,222,2302.992608
1.0,153,2304.289212
3.0,252,2306.492411
7.0,434,2310.194699
3.0,266,2312.437789
1.0,175,2313.81219
4.0,279,2315.977609
4.0,279,2318.33155
6.0,359,2321.131993
1.0,171,2322.514766
2.0,223,2324.359619
0.0,127,2325.30475
1.0,155,2326.415399
3.0,251,2328.457128
3.0,252,2330.498085
1.0,153,2331.717767
3.0,249,2333.697972
5.0,313,2336.289837
5.0,329,2339.011666
4.0,287,2341.470907
2.0,224,2343.372703
1.0,154,2344.4533
11.0,579,2349.385766
1.0,157,2350.681663
2.0,226,2352.498817
4.0,264,2354.61921
3.0,237,2356.605119
4.0,261,2358.791064
0.0,129,2359.711561
3.0,249,2361.773383
2.0,204,2363.417613
1.0,178,2364.785186
5.0,317,2367.195277
2.0,222,2368.856132
0.0,129,2369.935194
4.0,281,2372.181224
7.0,306,2374.824418
3.0,250,2376.789652
2.0,226,2378.452669
0.0,129,2379.466139
0.0,129,2380.482719
6.0,297,2382.460336
2.0,221,2384.141676
0.0,127,2385.123253
2.0,204,2386.523828
1.0,155,2387.7161
4.0,286,2390.06297
1.0,153,2391.387287
0.0,127,2392.502929
3.0,269,2394.870942
3.0,236,2396.583877
5.0,281,2398.687558
0.0,129,2399.479967
5.0,348,2401.63425
3.0,252,2403.426865
3.0,216,2404.913067
7.0,434,2408.320602
4.0,288,2410.691365
3.0,253,2412.741037
3.0,273,2414.860924
3.0,234,2416.593925
11.0,504,2420.728219
2.0,229,2422.398896
3.0,256,2424.344077
9.0,396,2427.287522
6.0,376,2430.258229
1.0,153,2431.511333
2.0,221,2433.164754
2.0,223,2434.910884
4.0,299,2437.360095
1.0,153,2438.330885
0.0,129,2439.092184
4.0,320,2441.47426
1.0,174,2442.876714
4.0,283,2445.407593
2.0,183,2446.91828
7.0,381,2449.9027
2.0,183,2451.326903
1.0,154,2452.447953
1.0,175,2453.844859
2.0,203,2455.392211
4.0,284,2457.619291
1.0,157,2458.768379
3.0,235,2460.717803
2.0,185,2462.114418
6.0,378,2465.27794
1.0,175,2466.724431
4.0,298,2469.413462
3.0,274,2471.594944
5.0,352,2474.698734
2.0,225,2476.565771
3.0,237,2478.355978
5.0,332,2481.258145
4.0,317,2483.965112
5.0,300,2486.115778
2.0,222,2487.667874
3.0,233,2489.222577
2.0,186,2490.364532
2.0,184,2491.691137
1.0,155,2492.866145
2.0,226,2494.591027
7.0,410,2497.691116
2.0,201,2499.378139
7.0,389,2502.433994
2.0,224,2504.202192
1.0,155,2505.45871
5.0,308,2507.928676
2.0,206,2509.536485
7.0,401,2513.062009
2.0,202,2514.580534
6.0,365,2517.536468
4.0,304,2520.145812
7.0,430,2523.932485
3.0,231,2526.006754
6.0,344,2528.891548
2.0,192,2530.517736
4.0,323,2533.249367
4.0,266,2535.282951
5.0,308,2537.625816
3.0,258,2539.826288
8.0,418,2543.327248
0.0,125,2544.348139
4.0,295,2546.651859
4.0,297,2549.213963
7.0,450,2552.920362
1.0,174,2554.306372
2.0,205,2555.726316
1.0,155,2556.682456
5.0,330,2559.363986
0.0,125,2560.365747
7.0,426,2564.223814
2.0,205,2565.825986
0.0,125,2566.841259
1.0,157,2568.205578
0.0,127,2569.289942
2.0,206,2571.030966
3.0,231,2573.005949
0.0,129,2573.928643
3.0,234,2575.908445
2.0,204,2577.740606
1.0,176,2579.044626
4.0,265,2581.290811
9.0,431,2585.059921
1.0,155,2586.42133
1.0,173,2587.846118
5.0,351,2591.06964
0.0,129,2592.07746
3.0,259,2594.380275
0.0,125,2595.369716
1.0,155,2596.70536
5.0,314,2599.263061
1.0,175,2600.598964
2.0,202,2602.171508
1.0,155,2603.401704
5.0,362,2606.425688
5.0,331,2609.077949
2.0,185,2610.578725
5.0,352,2613.405857
1.0,159,2614.630126
8.0,448,2618.461224
0.0,127,2619.434434
3.0,250,2621.559049
4.0,294,2623.919648
3.0,258,2626.150403
6.0,398,2629.628924
1.0,173,2630.990782
2.0,184,2632.49651
1.0,155,2633.675235
0.0,129,2634.730973
1.0,177,2636.127818
3.0,248,2638.172147
1.0,155,2639.452547
6.0,334,2642.340546
1.0,175,2643.836843
5.0,310,2646.543555
6.0,357,2649.641494
3.0,232,2651.678502
4.0,281,2653.812201
9.0,495,2657.319921
5.0,327,2660.079797
1.0,173,2661.570218
2.0,186,2663.194305
2.0,183,2664.779006
1.0,173,2666.268969
3.0,250,2668.293051
4.0,303,2670.776044
3.0,254,2672.71436
9.0,396,2676.159763
7.0,414,2679.556115
8.0,341,2682.429313
1.0,155,2684.635762
4.0,302,2687.01422
3.0,248,2689.123764
1.0,174,2690.649515
2.0,204,2692.383983
2.0,199,2694.103827
4.0,282,2696.586523
7.0,454,2700.353847
6.0,325,2702.682766
4.0,301,2705.123274
1.0,153,2706.286715
2.0,188,2707.786305
5.0,376,2710.591618
1.0,157,2711.81713
1.0,155,2713.119164
1.0,173,2714.544899
2.0,188,2715.877886
5.0,293,2718.268553
1.0,174,2719.695873
3.0,254,2721.93292
2.0,205,2723.658501
5.0,342,2726.389575
6.0,364,2729.477381
4.0,278,2731.849855
0.0,129,2732.92455
3.0,250,2735.029174
2.0,206,2736.616277
5.0,353,2739.290667
3.0,212,2741.024553
3.0,255,2743.299798
5.0,310,2745.992034
3.0,256,2748.21156
6.0,384,2751.443985
6.0,367,2754.668082
3.0,235,2756.711739
3.0,266,2758.751951
1.0,178,2760.017799
3.0,214,2761.569413
2.0,202,2763.255116
2.0,204,2764.952111
3.0,254,2767.246049
2.0,206,2768.992048
2.0,190,2770.554897
4.0,324,2773.02371
4.0,268,2775.12002
4.0,286,2777.254438
4.0,285,2779.573503
3.0,251,2781.876202
1.0,155,2783.120404
0.0,127,2783.955075
7.0,390,2786.719888
6.0,420,2789.911291
2.0,204,2791.39415
0.0,127,2792.283688
1.0,157,2793.494804
8.0,463,2797.438266
2.0,229,2799.307413
3.0,250,2801.424248
2.0,222,2803.419094
4.0,281,2806.042787
2.0,186,2807.635898
0.0,129,2808.748974
1.0,175,2810.277982
3.0,258,2811.929903
8.0,445,2815.110464
2.0,184,2816.488181
2.0,223,2818.403058
3.0,257,2820.56899
0.0,127,2821.63685
5.0,352,2824.74908
5.0,318,2827.455547
14.0,476,2831.062591
2.0,225,2832.929214
4.0,272,2834.942005
4.0,319,2836.875789
2.0,224,2838.373826
5.0,317,2840.670415
4.0,306,2842.699871
5.0,353,2845.350337
0.0,127,2846.193239
10.0,473,2849.835689
0.0,127,2850.725369
8.0,458,2854.777127
3.0,215,2856.683427
1.0,157,2857.986457
5.0,295,2860.433612
3.0,224,2862.361262
3.0,271,2864.73121
2.0,204,2866.550131
3.0,275,2868.918072
5.0,319,2871.659665
2.0,220,2873.609981
4.0,302,2875.9396
2.0,205,2877.424395
6.0,334,2880.350478
4.0,299,2882.985375
2.0,206,2884.777966
8.0,400,2887.843368
3.0,270,2889.956063
1.0,175,2891.471135
7.0,435,2894.851434
2.0,185,2896.101649
2.0,204,2897.629835
2.0,204,2899.120181
1.0,155,2900.269834
7.0,398,2903.358268
3.0,255,2905.327805
1.0,155,2906.328521
3.0,234,2908.06005
5.0,320,2910.375736
4.0,280,2912.451594
1.0,175,2913.819297
0.0,125,2914.747594
3.0,231,2916.440307
2.0,190,2917.92438
2.0,189,2919.389908
0.0,129,2920.419641
3.0,250,2922.346542
3.0,255,2924.427082
6.0,399,2927.580027
5.0,313,2930.083368
2.0,223,2931.840105
8.0,355,2934.42861
0.0,129,2935.340996
7.0,418,2938.698517
6.0,378,2941.725717
3.0,236,2943.680777
6.0,362,2946.483283
2.0,228,2948.237595
1.0,175,2949.693123
3.0,257,2951.641795
4.0,305,2954.182774
2.0,224,2955.989794
5.0,301,2958.220987
0.0,129,2959.076951
2.0,201,2960.615556
2.0,204,2962.209534
0.0,125,2963.186447
3.0,251,2965.293372
2.0,204,2966.893955
2.0,203,2968.419492
5.0,320,2970.892089
2.0,201,2972.447265
0.0,129,2973.438651
3.0,234,2975.324961
5.0,375,2978.257804
1.0,176,2979.551912
2.0,206,2981.155069
7.0,384,2984.268285
0.0,129,2985.397348
4.0,248,2987.401676
1.0,177,2988.808273
6.0,380,2992.20101
2.0,227,2994.082038
4.0,253,2996.22264
3.0,253,2998.167751
3.0,254,2999.974157
5.0,343,3002.725225
6.0,327,3005.256752
2.0,226,3006.833853
4.0,330,3009.310691
2.0,226,3011.214417
2.0,202,3012.738286
7.0,406,3016.168315
4.0,327,3018.588932
0.0,129,3019.453765
2.0,228,3021.358421
1.0,153,3022.52308
0.0,127,3023.554114
2.0,207,3025.262482
1.0,175,3026.630867
8.0,425,3030.099295
4.0,284,3032.303869
0.0,129,3033.392981
7.0,402,3036.837534
7.0,348,3039.65327
5.0,335,3042.474939
1.0,178,3043.790705
4.0,263,3045.867254
16.0,417,3049.070693
11.0,449,3052.964741
1.0,157,3054.166142
2.0,203,3055.759935
3.0,269,3057.862778
8.0,334,3060.476068
3.0,273,3062.575992
4.0,273,3064.633202
1.0,175,3065.870316
1.0,158,3067.162183
4.0,274,3069.478647
7.0,426,3073.133987
3.0,255,3075.207697
5.0,333,3077.870191
4.0,300,3080.426695
4.0,274,3082.545471
0.0,129,3083.512931
2.0,206,3085.092947
6.0,352,3087.758871
2.0,200,3089.466608
5.0,292,3091.73761
0.0,127,3092.663118
0.0,129,3093.721805
3.0,273,3095.854876
1.0,174,3097.300344
5.0,306,3099.763548
2.0,202,3101.219744
12.0,608,3106.42962
1.0,172,3107.816514
5.0,339,3110.686126
6.0,362,3113.731962
2.0,204,3115.330868
4.0,306,3117.67803
0.0,127,3118.699307
4.0,326,3120.93231
2.0,202,3122.122697
5.0,313,3124.00003
4.0,301,3125.812827
5.0,312,3128.155487
2.0,204,3129.717299
0.0,127,3130.786223
0.0,127,3131.763806
0.0,125,3132.804284
8.0,453,3136.335169
1.0,173,3137.784741
2.0,221,3139.769965
4.0,316,3142.378678
2.0,224,3144.223576
3.0,230,3145.88176
5.0,320,3147.974126
8.0,463,3151.051431
7.0,430,3154.930838
2.0,201,3156.633742
3.0,255,3158.93626
8.0,462,3163.167925
3.0,274,3165.439815
3.0,255,3167.106766
1.0,175,3168.279124
14.0,486,3172.006196
9.0,438,3175.825996
2.0,223,3177.788757
8.0,420,3181.335272
2.0,186,3182.908299
1.0,177,3184.097203
10.0,484,3187.592912
0.0,129,3189.209822
7.0,391,3192.243821
6.0,365,3195.248958
3.0,273,3197.403655
3.0,240,3199.164373
7.0,409,3202.441759
1.0,158,3203.650683
5.0,346,3206.70057
8.0,307,3209.360413
1.0,175,3210.882694
1.0,175,3212.357373
6.0,345,3215.128509
4.0,299,3217.691693
6.0,361,3220.652042
5.0,320,3223.304068
5.0,331,3225.978129
7.0,325,3228.685036
5.0,311,3231.502013
7.0,423,3235.122837
2.0,190,3236.63984
5.0,367,3239.673257
0.0,127,3240.802
0.0,129,3241.900681
0.0,129,3243.009828
3.0,242,3245.018562
1.0,174,3246.339696
4.0,275,3248.727825
5.0,341,3251.442809
14.0,537,3256.203761
4.0,307,3258.684741
7.0,410,3262.239091
4.0,263,3264.096262
3.0,234,3265.721578
9.0,443,3268.80894
4.0,266,3270.951815
0.0,129,3271.935178
1.0,174,3273.416722
1.0,177,3274.665125
4.0,283,3276.95038
3.0,251,3279.030069
2.0,204,3280.671184
9.0,450,3284.500301
8.0,454,3288.265233
3.0,274,3290.417839
6.0,344,3293.053922
2.0,203,3294.574704
9.0,462,3298.57584
3.0,270,3300.768333
2.0,224,3302.486972
7.0,379,3305.499374
4.0,287,3307.952653
0.0,127,3309.080972
5.0,330,3311.870446
5.0,306,3314.213701
2.0,225,3315.994107
6.0,365,3318.524792
3.0,235,3320.146014
2.0,222,3321.613401
1.0,174,3322.741311
3.0,271,3324.955525
4.0,305,3327.490771
2.0,188,3328.963202
10.0,555,3333.682628
1.0,173,3335.112607
1.0,157,3336.463144
2.0,206,3338.254309
4.0,284,3340.548525
4.0,267,3342.75754
3.0,251,3344.475337
6.0,363,3347.718131
6.0,344,3350.827607
1.0,156,3352.085199
2.0,203,3353.63296
2.0,185,3355.019408
4.0,261,3357.271268
0.0,127,3358.245404
1.0,155,3359.535687
3.0,253,3361.655275
1.0,155,3363.035406
11.0,563,3367.860374
1.0,175,3369.24885
7.0,434,3372.611039
2.0,204,3374.256944
7.0,364,3377.391944
6.0,355,3380.246489
2.0,202,3381.838376
8.0,480,3386.06094
7.0,373,3389.182923
4.0,306,3391.703012
4.0,272,3394.148082
0.0,129,3395.281459
4.0,281,3397.524894
6.0,343,3400.330262
5.0,329,3403.067232
3.0,253,3404.982279
6.0,354,3407.637679
4.0,274,3409.711051
5.0,351,3412.559773
5.0,333,3415.481682
4.0,298,3417.967151
3.0,270,3420.335435
3.0,253,3422.384077
4.0,275,3424.880558
2.0,190,3426.518533
5.0,335,3429.243117
13.0,563,3434.063623
4.0,299,3436.466124
4.0,296,3439.185722
4.0,299,3441.777163
3.0,236,3443.628935
11.0,471,3447.399577
6.0,332,3449.973039
4.0,283,3452.230553
4.0,260,3454.418858
7.0,409,3457.813906
2.0,204,3459.524707
2.0,223,3461.46338
1.0,177,3463.053021
1.0,153,3464.299869
9.0,470,3468.550079
2.0,224,3470.534556
5.0,294,3472.756526
3.0,235,3474.876914
6.0,347,3477.926655
5.0,322,3480.074826
4.0,259,3481.950484
2.0,221,3483.802588
6.0,400,3486.916165
7.0,387,3490.230746
5.0,326,3493.066531
4.0,261,3495.22954
3.0,271,3497.361378
7.0,366,3500.502407
4.0,282,3502.966172
5.0,312,3505.642102
6.0,353,3508.563164
4.0,321,3511.336384
8.0,432,3515.043775
5.0,366,3518.223252
2.0,184,3519.738456
5.0,307,3522.394726
8.0,466,3526.581962
2.0,225,3528.608199
2.0,224,3530.531932
4.0,297,3532.884847
2.0,223,3534.578624
0.0,127,3535.599637
1.0,171,3536.952972
4.0,254,3538.909614
2.0,219,3540.544765
2.0,224,3542.491016
2.0,201,3544.091242
7.0,389,3547.154008
2.0,185,3548.429815
8.0,422,3551.700563
4.0,296,3553.961111
5.0,316,3556.247696
5.0,331,3558.701774
6.0,404,3561.982583
5.0,295,3564.542855
3.0,250,3566.524175
1.0,178,3568.06992
9.0,494,3572.245595
4.0,277,3574.359216
9.0,514,3578.526752
7.0,332,3581.414276
5.0,353,3584.640601
7.0,453,3588.750504
0.0,127,3589.607053
4.0,283,3591.858516
6.0,357,3594.817914
6.0,334,3597.641851
0.0,129,3598.571268
6.0,384,3601.306765
6.0,321,3603.682171
14.0,551,3608.46362
2.0,206,3610.239642
4.0,283,3612.642826
2.0,184,3614.09597
3.0,255,3616.115461
4.0,245,3618.178714
5.0,337,3621.755137
4.0,282,3623.98468
6.0,359,3626.90177
7.0,431,3630.361216
5.0,327,3632.988959
6.0,317,3635.667661
5.0,348,3638.602084
23.0,695,3644.788728
3.0,271,3646.585597
12.0,420,3649.676975
7.0,349,3652.511635
8.0,409,3655.784089
3.0,234,3657.828818
7.0,444,3661.236319
6.0,360,3664.390742
6.0,371,3667.435499
14.0,510,3671.562986
6.0,381,3674.601619
3.0,256,3676.582625
7.0,374,3679.740268
8.0,456,3683.115689
5.0,351,3685.958105
3.0,233,3687.717341
6.0,375,3690.665891
5.0,313,3693.449314
8.0,384,3696.390406
7.0,401,3699.124194
12.0,452,3702.76478
4.0,303,3706.244929
2.0,201,3707.875944
0.0,127,3708.779132
2.0,201,3710.391075
10.0,505,3714.242155
6.0,318,3716.817195
3.0,234,3718.702922
1.0,151,3719.838945
3.0,218,3721.653277
8.0,451,3725.202208
2.0,184,3726.735473
13.0,528,3730.781813
1.0,177,3732.204867
4.0,271,3734.262681
5.0,331,3736.557157
5.0,322,3738.940917
10.0,473,3742.422807
7.0,398,3745.451952
1.0,175,3746.661005
2.0,220,3748.524255
7.0,421,3751.865104
4.0,273,3754.036727
17.0,584,3759.089624
0.0,129,3760.212403
7.0,442,3763.888789
3.0,250,3765.632519
6.0,370,3767.878514
1.0,175,3769.013407
10.0,505,3772.839988
2.0,224,3774.627038
8.0,442,3778.394615
11.0,532,3782.622495
6.0,379,3785.627777
3.0,271,3787.644941
9.0,546,3792.140188
6.0,387,3795.314835
10.0,491,3799.192371
7.0,435,3802.909465
7.0,401,3806.252249
9.0,384,3809.608115
4.0,296,3812.202315
6.0,355,3815.313123
10.0,474,3819.185168
9.0,478,3822.775692
5.0,340,3825.428274
5.0,303,3828.156645
3.0,250,3830.137795
10.0,483,3833.650944
6.0,371,3836.7632
6.0,382,3839.796555
4.0,273,3842.041243
3.0,258,3844.345179
10.0,520,3848.537512
9.0,450,3852.082771
12.0,542,3856.039631
5.0,282,3858.287246
3.0,248,3860.189348
5.0,351,3862.973918
10.0,550,3867.750725
3.0,247,3869.789079
10.0,434,3873.022407
5.0,308,3875.247844
4.0,246,3877.171562
12.0,491,3881.000134
1.0,157,3882.257883
14.0,532,3886.890287
1.0,155,3888.002248
8.0,439,3891.729364
8.0,410,3895.226336
3.0,236,3897.131992
3.0,267,3899.178757
6.0,387,3902.556185
0.0,127,3903.511237
5.0,355,3906.437237
6.0,391,3909.894603
2.0,222,3911.708625
8.0,379,3915.0022
7.0,397,3918.086718
7.0,406,3921.483243
7.0,402,3924.565985
7.0,394,3927.622815
6.0,359,3930.265503
4.0,282,3932.39537
2.0,208,3933.981113
13.0,603,3938.279597
0.0,127,3939.291944
15.0,669,3944.200758
2.0,188,3945.538207
6.0,351,3948.106953
9.0,469,3951.935263
3.0,250,3953.932734
7.0,406,3956.986936
9.0,465,3960.357582
7.0,368,3963.216866
18.0,662,3968.687093
14.0,538,3973.034841
3.0,237,3974.960463
4.0,283,3977.296236
3.0,219,3978.843003
11.0,500,3982.530328
9.0,489,3986.025285
7.0,409,3989.018247
5.0,315,3991.38429
1.0,170,3992.697415
7.0,431,3996.177684
5.0,314,3998.581641
3.0,269,4000.458625
7.0,431,4004.159007
2.0,224,4005.646666
2.0,224,4007.453773
7.0,363,4010.719968
1.0,171,4012.254104
2.0,222,4014.123094
8.0,433,4017.68532
7.0,443,4021.661366
15.0,678,4027.347895
13.0,565,4032.40431
6.0,366,4035.5139
3.0,256,4037.664549
4.0,280,4040.118673
8.0,439,4043.622363
7.0,369,4046.472054
4.0,269,4048.406335
4.0,288,4050.600854
1.0,177,4051.805199
3.0,253,4054.030337
5.0,368,4057.305653
7.0,437,4061.143138
8.0,438,4064.475358
11.0,493,4068.043669
3.0,273,4070.240807
2.0,187,4071.757059
2.0,203,4073.360723
3.0,255,4075.315327
3.0,254,4077.420324
6.0,352,4080.479138
8.0,473,4084.26171
3.0,229,4085.883606
5.0,296,4087.880646
4.0,321,4090.37616
10.0,368,4093.103827
9.0,512,4097.13286
12.0,546,4101.731213
3.0,233,4103.767522
3.0,221,4105.65816
3.0,232,4107.478131
0.0,127,4108.330539
2.0,227,4110.05877
4.0,326,4112.508379
6.0,320,4114.668895
5.0,334,4117.248988
5.0,319,4119.833556
3.0,239,4121.623025
6.0,374,4124.933381
2.0,201,4126.577347
3.0,253,4128.65361
5.0,291,4131.202429
5.0,313,4133.761647
7.0,366,4136.601258
3.0,250,4138.709467
13.0,521,4143.068695
3.0,271,4145.339364
4.0,304,4147.890778
7.0,419,4151.219953
4.0,305,4153.584281
12.0,495,4157.675912
3.0,271,4159.998383
6.0,353,4162.94136
18.0,612,4167.544851
6.0,360,4170.470425
5.0,324,4172.796689
4.0,241,4174.698928
12.0,625,4179.655079
3.0,250,4181.611218
10.0,511,4185.835557
13.0,550,4190.309699
4.0,284,4192.856728
10.0,551,4197.587726
11.0,495,4201.876606
6.0,365,4205.3236
6.0,379,4207.908124
6.0,403,4210.399504
7.0,384,4212.711315
1.0,173,4213.763447
2.0,223,4215.152891
14.0,489,4218.661827
9.0,499,4222.488455
1.0,175,4223.951003
4.0,286,4226.35112
3.0,257,4228.435053
6.0,364,4231.203836
5.0,351,4234.03674
5.0,308,4236.505574
5.0,337,4238.979928
3.0,254,4240.951667
0.0,129,4241.981274
6.0,303,4244.434055
3.0,276,4246.81797
9.0,450,4250.405834
1.0,175,4251.630854
14.0,567,4256.001295
5.0,333,4258.299068
2.0,200,4259.599142
4.0,303,4262.007469
14.0,473,4265.858671
4.0,305,4268.123167
5.0,330,4270.659597
2.0,185,4272.094035
3.0,276,4274.311571
14.0,582,4278.827594
4.0,283,4280.815699
6.0,331,4282.955029
8.0,436,4286.521829
9.0,499,4290.437854
3.0,253,4292.65709
7.0,452,4296.500888
5.0,288,4298.660544
13.0,625,4303.983954
16.0,545,4308.506609
4.0,286,4310.707932
5.0,305,4313.227034
10.0,474,4316.968339
13.0,585,4321.67355
6.0,342,4324.127255
9.0,553,4328.362913
7.0,439,4331.87616
15.0,564,4336.082102
4.0,282,4338.194599
2.0,222,4339.842253
6.0,375,4342.709047
14.0,575,4346.846768
7.0,348,4349.463807
5.0,354,4352.169216
2.0,224,4354.106807
17.0,576,4358.905601
8.0,449,4362.69231
8.0,403,4367.099064
5.0,329,4369.606934
3.0,234,4371.650183
10.0,510,4376.002867
15.0,613,4381.13298
5.0,321,4383.541888
7.0,379,4386.476948
6.0,374,4389.516424
4.0,324,4392.047547
5.0,325,4394.558476
4.0,267,4396.615831
11.0,507,4400.335378
1.0,173,4401.725124
6.0,361,4404.900221
5.0,325,4407.213639
2.0,222,4408.843302
12.0,553,4413.170048
8.0,405,4416.624435
3.0,250,4418.789326
0.0,129,4419.831763
4.0,285,4422.288753
6.0,342,4425.380981
4.0,303,4427.591262
3.0,250,4429.77304
7.0,358,4432.910471
3.0,255,4435.119989
11.0,446,4439.121387
7.0,408,4442.819454
0.0,129,4443.674535
12.0,601,4448.644437
10.0,565,4453.755539
5.0,286,4456.183297
7.0,445,4460.078661
4.0,281,4462.376525
1.0,155,4463.607983
2.0,204,4465.21345
7.0,440,4469.131211
2.0,204,4470.852899
2.0,226,4472.860647
10.0,532,4477.722746
12.0,529,4482.294863
7.0,398,4485.790001
6.0,381,4489.061411
1.0,173,4490.524057
11.0,403,4494.01487
12.0,617,4498.962739
5.0,360,4501.676254
9.0,467,4504.853985
13.0,588,4508.980192
6.0,398,4512.434032
15.0,673,4517.8631
4.0,277,4520.218584
6.0,374,4523.409184
5.0,351,4526.42646
9.0,470,4529.970155
7.0,353,4532.720502
6.0,362,4535.212345
10.0,582,4539.708709
13.0,577,4543.997816
8.0,423,4547.536964
1.0,175,4548.970578
4.0,266,4551.230088
7.0,424,4554.886336
10.0,525,4559.212919
3.0,234,4561.21132
6.0,366,4564.364067
3.0,270,4566.619957
5.0,329,4569.462377
2.0,202,4571.205451
4.0,273,4573.406581
6.0,363,4576.378414
4.0,304,4578.913137
6.0,381,4582.287187
4.0,300,4584.72354
12.0,568,4589.351465
2.0,203,4591.069711
4.0,264,4593.241336
5.0,337,4595.693032
11.0,595,4599.687996
4.0,261,4601.630722
8.0,474,4604.741914
3.0,232,4606.325506
6.0,343,4609.179312
8.0,500,4613.513659
12.0,535,4617.856509
2.0,224,4619.701717
5.0,370,4622.52964
19.0,649,4627.842788
19.0,687,4633.935954
16.0,338,4636.539595
1.0,175,4637.90743
6.0,415,4641.296054
13.0,503,4644.734261
14.0,541,4648.546592
11.0,478,4652.286588
11.0,583,4657.096509
10.0,536,4661.718974
7.0,377,4664.567841
9.0,469,4668.431855
3.0,234,4670.202084
7.0,375,4673.205937
5.0,328,4675.733007
9.0,419,4679.108361
11.0,483,4683.280992
15.0,641,4688.55111
11.0,529,4692.699522
11.0,573,4696.965843
9.0,446,4700.410173
9.0,468,4705.205064
0.0,129,4706.199178
10.0,492,4710.292215
10.0,403,4713.564527
8.0,444,4717.233081
6.0,321,4719.997778
17.0,647,4725.450894
10.0,504,4729.059218
5.0,308,4731.551553
16.0,586,4736.428946
4.0,302,4738.99701
7.0,377,4742.22628
9.0,477,4746.04016
7.0,384,4748.919054
17.0,697,4754.254598
13.0,477,4758.101657
2.0,228,4759.826452
5.0,333,4762.754208
7.0,281,4764.940589
0.0,129,4765.893758
0.0,129,4766.737576
14.0,604,4770.923168
0.0,127,4771.940073
12.0,579,4776.399952
15.0,502,4780.444433
13.0,631,4785.426994
5.0,318,4787.743776
16.0,692,4793.502178
21.0,696,4798.795646
11.0,517,4802.996485
20.0,588,4807.698576
5.0,283,4809.935211
22.0,693,4815.192425
8.0,462,4818.988303
5.0,330,4821.665303
11.0,490,4825.333118
13.0,601,4830.486865
16.0,640,4835.253605
9.0,446,4839.097401
9.0,473,4842.98293
14.0,489,4846.995646
5.0,317,4849.380427
5.0,301,4851.686944
7.0,325,4854.227422
5.0,317,4856.766551
12.0,545,4861.207928
11.0,477,4865.192128
8.0,410,4869.808712
11.0,595,4874.68051
8.0,375,4877.874881
6.0,373,4880.833104
7.0,428,4884.148416
15.0,676,4890.061063
9.0,495,4893.911104
14.0,418,4897.492727
14.0,512,4901.676204
9.0,430,4905.151243
11.0,466,4908.800311
6.0,347,4911.876447
8.0,454,4915.246286
5.0,319,4917.800442
13.0,600,4921.967796
6.0,361,4924.609688
3.0,252,4926.683633
5.0,309,4929.465286
10.0,570,4934.192163
4.0,293,4936.249104
10.0,495,4939.94513
11.0,561,4944.622276
0.0,125,4945.666985
4.0,285,4948.178411
2.0,185,4949.836675
9.0,491,4954.120898
0.0,127,4955.167439
5.0,285,4957.5234
6.0,364,4960.536402
4.0,305,4962.800275
4.0,278,4964.758158
5.0,297,4967.061715
10.0,502,4971.221166
12.0,476,4975.06434
0.0,129,4976.016201
5.0,348,4978.545604
9.0,454,4982.56153
4.0,264,4984.796845
6.0,325,4987.599667
6.0,368,4990.530451
8.0,396,4997.052513
5.0,328,5000.991987
3.0,251,5003.018716
13.0,540,5007.536231
14.0,399,5011.168079
5.0,348,5014.277592
4.0,309,5016.929084
13.0,576,5021.718004
15.0,583,5026.438956
9.0,491,5030.605409
9.0,453,5034.352103
2.0,225,5036.154781
5.0,304,5038.743173
7.0,430,5042.703125
9.0,390,5046.153868
9.0,437,5049.843427
17.0,524,5054.14026
4.0,303,5056.405497
14.0,593,5061.064232
12.0,449,5064.735996
15.0,724,5070.730008
13.0,528,5075.31657
6.0,399,5078.868624
2.0,222,5080.695656
7.0,382,5083.972165
6.0,326,5086.549208
8.0,398,5089.826766
19.0,700,5095.542922
13.0,616,5100.810706
15.0,658,5106.247842
13.0,578,5111.044
8.0,433,5114.471078
29.0,868,5120.340678
23.0,728,5125.76238
9.0,491,5130.616506
11.0,545,5134.76542
17.0,645,5139.75497
11.0,552,5143.960406
9.0,439,5147.164971
15.0,544,5151.58407
5.0,355,5154.503387
9.0,331,5157.313435
3.0,274,5159.474822
5.0,349,5162.52608
8.0,458,5166.565002
4.0,306,5168.914595
11.0,400,5172.200121
12.0,434,5175.76056
19.0,610,5180.244781
18.0,534,5184.548549
7.0,415,5187.641152
11.0,527,5191.952338
1.0,171,5193.404448
9.0,461,5197.02999
11.0,300,5199.310178
13.0,533,5203.522144
11.0,499,5207.457023
9.0,462,5211.078578
15.0,474,5214.78861
13.0,572,5218.994725
5.0,329,5221.728235
21.0,725,5227.902717
10.0,473,5231.863621
6.0,379,5235.105713
14.0,677,5240.380514
6.0,392,5243.68618
20.0,764,5249.911766
15.0,586,5254.723405
26.0,891,5262.577176
13.0,533,5267.140365
11.0,505,5271.668192
0.0,127,5272.810544
15.0,671,5277.508146
20.0,790,5283.721638
12.0,563,5288.570421
9.0,455,5292.393843
20.0,618,5297.960985
2.0,223,5299.369866
1.0,153,5300.254311
8.0,450,5303.011031
12.0,591,5306.62017
17.0,685,5310.797811
7.0,362,5313.268778
12.0,579,5318.072168
22.0,732,5323.855117
12.0,514,5328.022642
26.0,705,5333.910724
28.0,857,5340.957735
5.0,332,5343.654699
2.0,201,5345.20088
9.0,462,5349.004275
7.0,418,5352.445306
9.0,421,5355.727972
14.0,598,5360.314079
8.0,456,5363.992799
12.0,582,5368.4407
11.0,537,5372.787585
5.0,297,5375.258576
9.0,469,5379.007159
15.0,576,5383.840464
11.0,508,5387.609906
10.0,470,5391.322205
6.0,342,5393.936798
10.0,440,5397.608503
12.0,493,5401.60186
25.0,910,5409.598009
17.0,701,5415.476792
18.0,594,5420.077272
5.0,329,5422.856711
9.0,465,5426.700114
6.0,371,5429.910235
8.0,436,5433.577151
7.0,427,5437.135164
11.0,521,5441.752053
10.0,447,5445.157117
9.0,476,5448.887816
16.0,782,5455.095321
4.0,278,5457.176321
12.0,568,5461.663061
11.0,501,5466.067645
16.0,683,5471.392445
12.0,588,5475.881068
9.0,373,5479.042313
15.0,578,5483.774055
7.0,370,5486.499417
7.0,424,5489.826311
11.0,522,5493.99279
27.0,695,5499.705792
13.0,560,5504.610421
7.0,400,5508.273514
15.0,598,5513.505205
18.0,662,5519.051673
20.0,667,5524.369822
12.0,514,5528.61518
9.0,455,5532.492635
2.0,220,5534.369691
11.0,546,5538.881099
12.0,599,5543.640038
18.0,656,5549.196121
45.0,1172,5559.18555
29.0,910,5566.890274
19.0,668,5571.976543
15.0,658,5577.633255
18.0,511,5581.921915
22.0,906,5589.623096
10.0,483,5593.769956
11.0,502,5597.943307
6.0,341,5600.767276
14.0,665,5606.44656
6.0,319,5608.894264
6.0,359,5611.699441
9.0,505,5615.497158
25.0,889,5622.066476
8.0,447,5627.003765
27.0,915,5634.057267
9.0,446,5637.794606
11.0,543,5642.664914
24.0,848,5650.268934
9.0,393,5653.841868
3.0,217,5655.559192
26.0,839,5662.984951
2.0,203,5664.790742
14.0,667,5670.844793
15.0,562,5675.37982
16.0,721,5681.328261
25.0,839,5688.123009
3.0,234,5689.826393
22.0,728,5695.160708
38.0,874,5702.389915
3.0,236,5704.179375
17.0,652,5708.736158
2.0,188,5710.262423
15.0,545,5714.129043
20.0,724,5720.13001
20.0,675,5726.016248
16.0,548,5730.5948
24.0,605,5735.481222
11.0,450,5738.951271
5.0,295,5741.226539
9.0,443,5744.734489
20.0,707,5749.866732
31.0,839,5756.212128
11.0,496,5759.620802
18.0,539,5763.432052
12.0,608,5768.244946
16.0,564,5772.826662
17.0,635,5777.715237
15.0,554,5782.461982
18.0,636,5787.456287
27.0,797,5793.657576
19.0,609,5798.441511
9.0,398,5801.843901
12.0,530,5805.821754
8.0,485,5809.567671
19.0,556,5814.439987
20.0,727,5820.562051
11.0,522,5824.622843
16.0,625,5829.530277
30.0,949,5837.454907
33.0,861,5844.495964
10.0,538,5848.503805
23.0,889,5855.124539
27.0,863,5862.226696
17.0,711,5868.281643
23.0,721,5875.652238
14.0,625,5880.606473
16.0,718,5886.85567
27.0,788,5893.290391
33.0,871,5899.911829
18.0,596,5904.15338
20.0,620,5909.134393
19.0,731,5915.053239
18.0,734,5921.338023
7.0,416,5924.424344
8.0,446,5928.082569
19.0,584,5932.940523
14.0,578,5937.468481
23.0,715,5943.631195
16.0,677,5949.102902
11.0,566,5953.900034
13.0,623,5958.977001
4.0,298,5961.49096
36.0,1097,5970.589386
6.0,344,5973.140709
14.0,541,5976.777222
6.0,325,5979.023461
10.0,526,5982.873009
29.0,847,5989.350159
31.0,955,5996.112005
14.0,675,6001.649048
10.0,548,6006.3301
10.0,487,6010.530014
25.0,758,6016.66204
48.0,1090,6025.481137
9.0,440,6028.428849
24.0,783,6033.992453
17.0,605,6038.631874
12.0,519,6042.724776
15.0,610,6047.922839
14.0,597,6052.417972
28.0,770,6058.881514
12.0,510,6063.267592
35.0,1033,6071.557266
25.0,749,6077.298099
22.0,653,6082.765285
8.0,408,6086.28329
28.0,911,6093.651957
14.0,614,6098.621179
23.0,625,6103.647992
14.0,651,6108.508512
15.0,691,6113.477717
17.0,764,6120.776629
23.0,753,6127.034036
23.0,795,6133.43156
20.0,713,6139.225621
11.0,470,6143.087187
12.0,544,6147.499661
13.0,441,6150.916093
17.0,626,6155.907637
0.0,125,6157.005063
7.0,396,6160.079635
14.0,552,6165.057616
8.0,304,6167.588231
25.0,782,6174.370193
34.0,955,6181.447423
17.0,765,6188.275208
14.0,639,6193.538071
23.0,748,6200.061796
18.0,759,6206.782753
35.0,1006,6215.557451
11.0,457,6219.113568
13.0,503,6222.583967
11.0,533,6227.246417
22.0,695,6232.985787
30.0,911,6240.906901
25.0,800,6247.959707
49.0,1093,6257.212374
17.0,741,6263.03427
14.0,630,6268.191206
13.0,641,6273.471099
12.0,480,6277.718385
9.0,500,6281.751081
10.0,502,6285.982363
10.0,528,6290.243612
15.0,541,6294.238527
23.0,687,6299.816484
16.0,616,6305.195348
9.0,402,6308.679749
25.0,827,6315.60859
27.0,786,6321.674508
8.0,420,6324.863394
16.0,553,6329.228978
22.0,827,6335.523967
34.0,1052,6344.218546
11.0,498,6348.614949
12.0,485,6352.732399
8.0,453,6356.665332
8.0,393,6359.814918
21.0,736,6365.784041
14.0,582,6370.803769
17.0,664,6375.954889
25.0,751,6381.544455
19.0,663,6387.142538
21.0,792,6394.238577
26.0,826,6401.467905
20.0,663,6407.003048
16.0,691,6412.879342
11.0,488,6416.825803
9.0,508,6420.824432
15.0,551,6425.174088
14.0,520,6428.942893
16.0,592,6433.327271
28.0,970,6440.83115
8.0,389,6444.130944
37.0,1037,6452.617051
32.0,1022,6461.922955
31.0,702,6467.974646
20.0,609,6472.894154
18.0,751,6478.942302
20.0,620,6484.288435
8.0,457,6488.04599
31.0,914,6495.949158
12.0,593,6501.096218
21.0,600,6505.993757
12.0,533,6510.50681
32.0,893,6517.915445
17.0,592,6522.962378
34.0,679,6528.902125
13.0,583,6533.757914
15.0,685,6539.529934
41.0,1146,6550.475375
10.0,539,6555.080299
27.0,738,6561.221805
9.0,502,6564.903387
25.0,874,6571.712487
19.0,678,6575.870002
32.0,1043,6583.256735
29.0,792,6589.235324
27.0,792,6596.071763
25.0,863,6603.80982
24.0,708,6609.929792
11.0,529,6614.216777
22.0,790,6621.07254
25.0,837,6628.868232
13.0,560,6633.502022
24.0,905,6641.188696
26.0,882,6648.620173
13.0,475,6652.914088
46.0,1154,6662.006104
22.0,763,6667.975404
29.0,834,6674.442925
29.0,970,6681.877094
30.0,910,6688.895368
19.0,619,6694.387707
39.0,991,6702.9993
22.0,576,6707.299173
17.0,705,6713.328822
34.0,710,6718.09529
13.0,565,6722.64641
33.0,966,6730.957532
48.0,1257,6741.252082
21.0,793,6747.369872
33.0,973,6755.256902
13.0,582,6760.349646
11.0,481,6764.397952
8.0,409,6768.133689
29.0,936,6775.800976
24.0,795,6782.318689
36.0,982,6790.619523
22.0,644,6797.364773
7.0,328,6799.981269
17.0,612,6804.874525
27.0,818,6811.244067
15.0,677,6816.348637
25.0,706,6822.140326
25.0,876,6829.462482
34.0,1032,6837.658097
9.0,467,6841.592064
27.0,902,6849.058907
23.0,702,6854.61376
30.0,824,6861.510273
39.0,841,6868.063113
14.0,603,6873.044824
25.0,771,6879.510706
13.0,536,6883.668056
19.0,701,6889.407616
42.0,902,6897.165092
17.0,730,6903.100211
51.0,1306,6913.714228
39.0,1063,6922.419444
38.0,1008,6930.372817
20.0,790,6937.006701
20.0,725,6943.123389
33.0,1003,6951.584534
33.0,961,6959.457544
17.0,581,6965.675922
22.0,661,6970.840132
26.0,804,6977.755221
21.0,819,6983.855394
33.0,1111,6993.398223
28.0,876,7001.345087
36.0,1058,7010.504987
25.0,782,7016.948532
22.0,915,7024.245917
30.0,1005,7032.72342
15.0,482,7036.896014
19.0,620,7041.601673
37.0,1044,7049.158596
3.0,217,7050.775552
29.0,812,7057.495156
16.0,719,7063.600465
17.0,646,7069.226159
20.0,724,7075.456709
34.0,926,7083.567246
19.0,704,7089.429735
37.0,972,7096.631696
36.0,950,7104.086201
33.0,1107,7112.445559
7.0,352,7115.130924
61.0,1198,7124.372371
27.0,889,7131.379198
51.0,1107,7140.060589
46.0,916,7147.899969
26.0,847,7154.6092
46.0,1274,7165.032578
11.0,559,7169.293898
35.0,1026,7177.540156
18.0,736,7183.364214
33.0,1033,7191.9909
28.0,906,7199.536757
49.0,1287,7211.325817
25.0,1073,7220.602932
32.0,965,7229.046775
36.0,1020,7237.923928
66.0,1509,7250.94217
40.0,957,7258.874247
35.0,1007,7267.316808
36.0,993,7275.322762
25.0,979,7283.654486
62.0,1437,7295.627978
41.0,1145,7304.791472
25.0,762,7311.123599
29.0,955,7318.305418
34.0,1005,7326.110879
49.0,1283,7337.310835
55.0,1333,7349.06749
59.0,1066,7357.743271
76.0,1429,7370.188364
48.0,1158,7379.918409
30.0,1034,7389.712231
21.0,620,7394.969573
31.0,814,7401.345481
41.0,1032,7409.391188
14.0,680,7414.682119
13.0,574,7419.092739
58.0,1260,7429.328764
51.0,1256,7440.50034
39.0,1004,7449.188978
46.0,1201,7459.309652
59.0,1334,7469.418289
46.0,1257,7479.332942
16.0,584,7484.237326
55.0,1269,7494.971056
52.0,1369,7506.061093
33.0,947,7513.898817
44.0,874,7521.337612
48.0,1173,7531.544761
48.0,1234,7542.879823
52.0,1229,7553.22712
39.0,1073,7562.227044
37.0,1012,7570.370682
37.0,947,7577.9095
42.0,1120,7586.385894
36.0,1022,7595.045143
32.0,1051,7603.349132
23.0,831,7610.399599
45.0,881,7617.573735
36.0,929,7625.463389
42.0,1058,7634.626359
44.0,1093,7643.416609
49.0,1379,7654.349317
38.0,854,7661.872057
47.0,1131,7671.725614
26.0,837,7678.622742
40.0,1025,7687.181985
34.0,860,7693.817627
15.0,669,7698.860568
18.0,707,7704.724617
27.0,957,7712.765637
47.0,1296,7722.749008
37.0,1194,7732.401413
41.0,1132,7741.562927
30.0,920,7748.389281
52.0,695,7753.983553
44.0,1004,7762.820898
56.0,1059,7771.092745
42.0,1248,7781.935759
31.0,640,7786.992487
51.0,1181,7797.152016
34.0,1062,7805.089975
51.0,1302,7815.865704
34.0,1044,7823.883365
31.0,989,7831.242768
41.0,1127,7840.70619
30.0,1099,7850.51318
16.0,631,7855.956723
26.0,934,7864.11131
26.0,862,7871.150116
67.0,1329,7882.1992
49.0,1311,7893.810896
24.0,844,7901.049591
39.0,1013,7909.531587
42.0,1029,7918.887802
62.0,999,7927.712279
66.0,1467,7939.778141
46.0,889,7947.008922
49.0,1200,7957.140544
56.0,1155,7966.242458
50.0,789,7972.267797
36.0,997,7979.838663
56.0,1302,7990.33861
58.0,1206,8000.483559
77.0,1353,8011.207679
52.0,1180,8019.276537
81.0,1435,8030.052895
60.0,1185,8039.950904
