total_timesteps,nupdates,fps,policy_entropy,value_loss,avgReward,explained_variance
80,1,184,1.386291265487671,0.0045159319415688515,0.047554657934233545,-109.75392150878906
8000,100,853,1.3862740993499756,0.008339693769812584,0.1551201084628701,-0.16968894004821777
16000,200,861,1.3862603902816772,0.07929810881614685,0.37695590145885943,-0.016187429428100586
24000,300,866,1.3861300945281982,0.010256503708660603,0.19749575182795526,-0.11240816116333008
32000,400,868,1.3862806558609009,0.0012867806944996119,0.11030088942497969,-0.4336310625076294
40000,500,870,1.3861292600631714,0.009354501962661743,0.14316640850156545,-0.00029587745666503906
48000,600,874,1.3846254348754883,0.0005288530956022441,0.15942080169916154,0.04476821422576904
56000,700,874,1.3855947256088257,0.024882400408387184,0.15089870113879442,-0.035593271255493164
64000,800,876,1.3849093914031982,0.0073166415095329285,0.001298512010544073,-0.1433011293411255
72000,900,877,1.380876898765564,0.020579997450113297,0.5075651481747627,-0.032285094261169434
80000,1000,877,1.3825494050979614,0.020687125623226166,0.35443317219614984,0.016217291355133057
88000,1100,879,1.3755899667739868,0.00467997882515192,0.12860501781105996,0.18253099918365479
96000,1200,880,1.3826143741607666,0.02391904592514038,0.2191455639898777,0.06759971380233765
104000,1300,881,1.38260817527771,0.0046197762712836266,0.3806865282356739,0.22457891702651978
112000,1400,882,1.3848145008087158,0.025818858295679092,0.2528827849775553,0.023175477981567383
120000,1500,881,1.384446382522583,0.0008722768980078399,0.13556165592744945,0.2676055431365967
128000,1600,882,1.3847272396087646,0.0019183112308382988,0.2714276539161801,0.24962478876113892
136000,1700,883,1.3851686716079712,0.026775851845741272,0.19056962803006172,-0.02913987636566162
144000,1800,883,1.384645700454712,0.001136957434937358,0.23006530292332172,0.17570239305496216
152000,1900,883,1.384919285774231,0.037142474204301834,0.22948462497442962,0.020461738109588623
160000,2000,883,1.3834025859832764,0.004606825765222311,0.23467680718749762,-0.0636969804763794
168000,2100,883,1.3835515975952148,0.0067254104651510715,0.11188438031822442,0.06643801927566528
176000,2200,883,1.3829560279846191,0.0053465417586266994,0.1742501424625516,-0.07505249977111816
184000,2300,883,1.383947730064392,0.015529233030974865,0.2890489872545004,-0.011368274688720703
192000,2400,883,1.3855828046798706,0.0004284929600544274,0.1278286062180996,0.30614006519317627
200000,2500,883,1.3846458196640015,0.001175333745777607,0.18836994748562574,0.25297731161117554
208000,2600,883,1.3845230340957642,0.023067811504006386,0.172775852214545,0.04281884431838989
216000,2700,883,1.3823047876358032,0.0020056322682648897,0.14393278397619724,0.16453427076339722
224000,2800,883,1.3828837871551514,0.016649657860398293,0.16321362098678946,0.15352791547775269
232000,2900,883,1.3827543258666992,0.003004356985911727,0.26941474378108976,0.00256425142288208
240000,3000,883,1.3824682235717773,0.02621985413134098,0.24484788924455642,0.16261011362075806
248000,3100,883,1.3812706470489502,0.025156402960419655,0.23499196618795395,0.16420048475265503
256000,3200,883,1.3822914361953735,0.002311060670763254,0.16789945308119059,0.0624045729637146
264000,3300,883,1.380976915359497,0.00044298614375293255,0.1252826124429703,0.3224186897277832
272000,3400,884,1.3834537267684937,0.015003189444541931,0.3128272116184235,0.15226811170578003
280000,3500,884,1.3819022178649902,0.0351947620511055,0.1889576304703951,0.12417322397232056
288000,3600,884,1.3814204931259155,0.028054678812623024,0.40745446272194386,0.19347470998764038
296000,3700,885,1.378406286239624,0.002581654116511345,0.36463081985712054,0.014292001724243164
304000,3800,884,1.3797379732131958,0.012864897027611732,0.40250019617378713,0.234086811542511
312000,3900,885,1.3802438974380493,0.018297847360372543,0.26320536788553,0.24124103784561157
320000,4000,885,1.382859706878662,0.02321147546172142,0.2858876807615161,0.3972686529159546
328000,4100,886,1.3830070495605469,0.007556234486401081,0.38095558024942877,0.4714144468307495
336000,4200,886,1.3823007345199585,0.043530840426683426,0.36897234385833144,0.26097118854522705
344000,4300,886,1.381971001625061,0.0008317034807987511,0.11737255137413741,0.7601561844348907
352000,4400,886,1.3831738233566284,0.0038255411200225353,0.2631914297118783,0.5535540282726288
360000,4500,887,1.3852078914642334,0.0066342041827738285,0.19332035314291715,0.5837580859661102
368000,4600,887,1.3849321603775024,0.0030685041565448046,0.19358232747763396,0.5830724239349365
376000,4700,887,1.3854942321777344,0.001503168954513967,0.07737045429530554,0.2917645573616028
384000,4800,887,1.3847455978393555,0.0012319614179432392,0.08725462455768138,0.6890699863433838
392000,4900,887,1.3853638172149658,0.01029395591467619,0.2794752988964319,0.597663551568985
400000,5000,887,1.3841341733932495,0.012075647711753845,0.4601661000400782,0.7375434339046478
408000,5100,888,1.3841732740402222,0.0007243810687214136,-0.007795442081987858,0.5105192959308624
416000,5200,888,1.3821442127227783,0.005114993546158075,0.2555371321737766,0.6404301524162292
424000,5300,888,1.3834950923919678,0.029801080003380775,0.47365453764796256,0.5933436453342438
432000,5400,888,1.3778432607650757,0.0206743273884058,0.42916566226631403,0.5443931818008423
440000,5500,889,1.3811649084091187,0.01309322752058506,0.4395869571715593,0.8188504725694656
448000,5600,889,1.379150390625,0.0043234252370893955,0.27569240277516655,0.8965509012341499
456000,5700,889,1.3788840770721436,0.013108382932841778,0.5573042962700129,0.8821412399411201
464000,5800,890,1.382457971572876,0.03344186395406723,0.5058835858479143,0.5869220197200775
472000,5900,890,1.3816314935684204,0.015902912244200706,0.5462963448837399,0.7577041238546371
480000,6000,890,1.3846031427383423,0.011939088813960552,0.387741969153285,0.7001598477363586
488000,6100,891,1.3825891017913818,0.012029743753373623,0.09434710791101679,0.7036136984825134
496000,6200,891,1.3826496601104736,0.01209202129393816,0.5328067656606436,0.845351368188858
504000,6300,891,1.3805820941925049,0.007152974605560303,0.6245857268571854,0.9184945225715637
512000,6400,891,1.3777885437011719,0.0017136798705905676,0.18802008658240082,0.9530015736818314
520000,6500,891,1.3788485527038574,0.005196994636207819,0.13862684324849397,0.8526948094367981
528000,6600,891,1.380204677581787,0.00378907541744411,0.17348568222951144,0.9322215616703033
536000,6700,892,1.3801170587539673,0.006290873978286982,0.27289847054053096,0.8681820780038834
544000,6800,892,1.381252408027649,0.003926281817257404,0.06290451434906572,0.8307934701442719
552000,6900,892,1.3788038492202759,0.004535859916359186,0.42614887887611985,0.95162558183074
560000,7000,892,1.378544807434082,0.009994718246161938,0.37413244172930715,0.865338146686554
568000,7100,892,1.3766120672225952,0.016825228929519653,0.2307749883068027,0.7690142691135406
576000,7200,892,1.373871088027954,0.006811809726059437,0.3628862269222736,0.9295628890395164
584000,7300,893,1.3712936639785767,0.010681504383683205,0.40928576174192133,0.877956785261631
592000,7400,893,1.3672707080841064,0.0023904794361442327,0.2391581772826612,0.9672870300710201
600000,7500,893,1.3676339387893677,0.012021115981042385,0.48400823548436167,0.8926297128200531
608000,7600,893,1.3651739358901978,0.019420871511101723,0.6690304284915328,0.8635797649621964
616000,7700,893,1.3688055276870728,0.006381447426974773,0.4792493454180658,0.9306842908263206
624000,7800,894,1.3643827438354492,0.008965029381215572,0.44599237930960955,0.9455121867358685
632000,7900,894,1.3524073362350464,0.006878059357404709,0.5433667687699199,0.9214788973331451
640000,8000,894,1.3591142892837524,0.006592538207769394,0.39171895765466613,0.9033641144633293
648000,8100,894,1.3644380569458008,0.005369094200432301,0.20614865077805006,0.8954828307032585
656000,8200,894,1.357671856880188,0.009346346370875835,0.3103918108448852,0.9339259639382362
664000,8300,895,1.3557281494140625,0.0055612726137042046,0.39490656547422986,0.9520722068846226
672000,8400,895,1.3566844463348389,0.011431436985731125,0.3154035360552371,0.8716891258955002
680000,8500,895,1.3660567998886108,0.008701426908373833,0.3680240808345843,0.9085637852549553
688000,8600,895,1.3585784435272217,0.010381137020885944,0.6349119192454964,0.9181249588727951
696000,8700,895,1.353623628616333,0.0021449755877256393,0.2283196763484739,0.9757949467748404
704000,8800,896,1.349737524986267,0.003730766475200653,0.3703430397377815,0.9604853317141533
712000,8900,896,1.3509652614593506,0.0034163109958171844,0.5654255213215947,0.9618465565145016
720000,9000,896,1.34688138961792,0.008784407749772072,0.4649767133872956,0.9089722335338593
728000,9100,897,1.3432037830352783,0.014116478152573109,0.7352977853268385,0.8762243464589119
736000,9200,897,1.3502600193023682,0.005193146411329508,0.5776100347749888,0.9729931298643351
744000,9300,897,1.3560657501220703,0.0036599263548851013,0.41480468907393514,0.9671859368681908
752000,9400,897,1.341189980506897,0.0032635503448545933,0.5923862396739423,0.9831360671669245
760000,9500,897,1.3576958179473877,0.002117736265063286,0.2897144968737848,0.9748983681201935
768000,9600,897,1.3601325750350952,0.0017974351067095995,0.27038687453605237,0.9699794482439756
776000,9700,897,1.3516428470611572,0.007751824799925089,0.4433173648547381,0.9374302923679352
784000,9800,898,1.3581568002700806,0.002643285086378455,0.24321435431484134,0.968850763514638
792000,9900,898,1.3582862615585327,0.006417040713131428,0.307307692267932,0.9295883998274803
800000,10000,898,1.3556979894638062,0.0035040550865232944,0.28112557833082974,0.9562649168074131
808000,10100,898,1.3572413921356201,0.002871409524232149,0.08352264253771864,0.8911616131663322
816000,10200,899,1.3467944860458374,0.0032142072450369596,0.4570957296527922,0.9831606447696686
824000,10300,899,1.350412368774414,0.0034470304381102324,0.4035454261960695,0.9769647438079119
832000,10400,899,1.3486733436584473,0.002748783677816391,0.4076746684848331,0.9777361135929823
840000,10500,899,1.348332405090332,0.0028391233645379543,0.4354680713266134,0.9830803405493498
848000,10600,899,1.3553794622421265,0.001312512787990272,0.18149200950283556,0.9837218876928091
856000,10700,899,1.3528164625167847,0.0011173384264111519,0.3445369415640016,0.9944796310737729
864000,10800,899,1.3542083501815796,0.005686537362635136,0.5010517537099076,0.9663856476545334
872000,10900,900,1.3542475700378418,0.0017653111135587096,0.3842761682579294,0.9847787097096443
880000,11000,900,1.3582615852355957,0.0008212609100155532,0.30842153224148205,0.9935204996727407
888000,11100,900,1.3534924983978271,0.00519805122166872,0.5081083028548165,0.9651554860174656
896000,11200,900,1.345694899559021,0.0013890855479985476,0.09365901555866003,0.9709045328199863
904000,11300,900,1.3385000228881836,0.0015346233267337084,0.4963798856944777,0.9911759095266461
912000,11400,900,1.3465001583099365,0.00148019939661026,0.40622203140083,0.9874382177367806
920000,11500,900,1.350160002708435,0.009597759693861008,0.541485833004117,0.9476393088698387
928000,11600,901,1.3462806940078735,0.007588194217532873,0.15269195311702788,0.9351841807365417
936000,11700,901,1.3515832424163818,0.0018342513358220458,0.22886515769860125,0.9782427791506052
944000,11800,901,1.3550264835357666,0.007857157848775387,0.32165994303068146,0.9054186120629311
952000,11900,901,1.3556349277496338,0.001613857806660235,0.4134277136276069,0.9893979951739311
960000,12000,901,1.3601497411727905,0.0011099142720922828,0.27282720885123124,0.9901486961171031
968000,12100,901,1.355172872543335,0.003898432943969965,0.35110172890126706,0.9705162569880486
976000,12200,901,1.3568466901779175,0.004659361205995083,0.29886402284391805,0.9577814154326916
984000,12300,901,1.3557488918304443,0.0006115779979154468,0.5327130525955,0.9966443188022822
992000,12400,901,1.3440858125686646,0.002092222450301051,0.18919619978405536,0.9810452423989773
1000000,12500,902,1.353235125541687,0.0005151533405296504,0.27303914511576294,0.9961832074914128
1008000,12600,902,1.35386061668396,0.0009358756942674518,0.29355751559123744,0.989421890117228
1016000,12700,902,1.3593889474868774,0.001517595606856048,0.2572965198167367,0.98503078520298
1024000,12800,902,1.35636305809021,0.0011861645616590977,0.3583433153573424,0.9918328607454896
1032000,12900,902,1.3515188694000244,0.0010522642405703664,0.4404069462680127,0.993497057352215
1040000,13000,902,1.3572595119476318,0.0015388187021017075,0.1872117529681418,0.9838875513523817
1048000,13100,902,1.3489649295806885,0.0019159826915711164,0.3867200834873074,0.9902443271130323
1056000,13200,902,1.3542760610580444,0.001405320013873279,0.3615982028626604,0.9866382712498307
1064000,13300,903,1.364098072052002,0.004588710609823465,0.33092639595270157,0.946678202599287
1072000,13400,903,1.3591629266738892,0.000892882701009512,0.2024419715977274,0.9907714929431677
1080000,13500,903,1.3590747117996216,0.00435918802395463,0.24718313955236226,0.9488663449883461
1088000,13600,903,1.36240553855896,0.0010006297379732132,0.17914677610388025,0.983306284993887
1096000,13700,903,1.3555266857147217,0.0016155980993062258,0.21567397368053207,0.976323401555419
1104000,13800,903,1.3383532762527466,0.0006533687701448798,0.5838435507175745,0.9960336335934699
1112000,13900,903,1.342919945716858,0.0034298724494874477,0.4188783548772335,0.9762095641344786
1120000,14000,903,1.3503296375274658,0.002448714803904295,0.3687254334334284,0.9776374660432339
1128000,14100,903,1.3536403179168701,0.0009982675546780229,0.3279428583511617,0.9897945998236537
1136000,14200,904,1.3498986959457397,0.0011363242520019412,0.4309499901602976,0.9909683270379901
1144000,14300,903,1.3515541553497314,0.0015205057570710778,0.4581136231543496,0.9868075549602509
1152000,14400,903,1.3516777753829956,0.0003088122175540775,0.29615488433046266,0.9974366426467896
1160000,14500,903,1.3435933589935303,0.012535731308162212,0.4531564588367473,0.9023598432540894
1168000,14600,903,1.3567149639129639,0.0005370019352994859,0.2247356165666133,0.9955797651782632
1176000,14700,904,1.3484532833099365,0.0008932131459005177,0.40263028962071984,0.9940340286120772
1184000,14800,904,1.3619577884674072,0.00025878119049593806,0.16349710151844193,0.9962054372299463
1192000,14900,904,1.3571443557739258,0.006778644863516092,0.4562752071535215,0.9475499950349331
1200000,15000,904,1.3475300073623657,0.000772986386436969,0.5467974364291877,0.996252573793754
1208000,15100,904,1.359071135520935,0.008737592026591301,0.21112314322963358,0.9098569080233574
1216000,15200,904,1.3546720743179321,0.006476752460002899,0.454861029679887,0.9608665443956852
1224000,15300,904,1.365099310874939,0.0027234128210693598,0.2426246893359348,0.9538468420505524
1232000,15400,904,1.365802526473999,0.015191319398581982,0.2983028197006206,0.8051689714193344
1240000,15500,904,1.3589932918548584,0.0010803332552313805,0.5836783530157845,0.9935192428529263
1248000,15600,904,1.3514606952667236,0.005775933153927326,0.33192764211562464,0.9425261467695236
1256000,15700,904,1.3569868803024292,0.0062564401887357235,0.32844164564448874,0.9537022411823273
1264000,15800,904,1.365148901939392,0.000876717094797641,0.24425477593176764,0.9907597647979856
1272000,15900,904,1.362999677658081,0.018401050940155983,0.2469947666861117,0.8455560803413391
1280000,16000,904,1.3642820119857788,0.008906131610274315,0.5373687343933853,0.9451809115707874
1288000,16100,904,1.3758141994476318,0.011249853298068047,0.1777958800426859,0.8030386418104172
1296000,16200,904,1.3697792291641235,0.0006669973372481763,0.2154261959309224,0.9896417688578367
1304000,16300,904,1.36252760887146,0.0010733858216553926,0.1798436083830893,0.9870555391535163
1312000,16400,904,1.3667166233062744,0.0011412942549213767,0.32749124825932086,0.9892936730757356
1320000,16500,904,1.3702518939971924,0.0012199345510452986,0.21079266533779445,0.9852372258901596
1328000,16600,904,1.3578771352767944,0.0017054842319339514,0.3323178415885195,0.9836528617888689
1336000,16700,904,1.3599637746810913,0.000797576445620507,0.42134006050182504,0.9921840894967318
1344000,16800,904,1.356122374534607,0.001550546265207231,0.4631482737138867,0.9853198332712054
1352000,16900,904,1.3607453107833862,0.0019052202114835382,0.3696440081046603,0.9785007555037737
1360000,17000,904,1.3634785413742065,0.0008142890292219818,0.3442328021628782,0.9916705442592502
1368000,17100,904,1.3641362190246582,0.004460440017282963,0.18217733355522797,0.9229444488883018
1376000,17200,904,1.3647024631500244,0.0031066639348864555,0.3870728524401784,0.98628971260041
1384000,17300,904,1.3616191148757935,0.0016723976004868746,0.2702934783883393,0.9803635384887457
1392000,17400,904,1.3699836730957031,0.0013205381110310555,0.254173458670266,0.986754983663559
1400000,17500,904,1.3674938678741455,0.005739099346101284,0.34118710160255433,0.9530543386936188
1408000,17600,904,1.3577330112457275,0.000954089337028563,0.251428289397154,0.9917391408234835
1416000,17700,904,1.3728007078170776,0.008820799179375172,0.28488498702063225,0.8737590312957764
1424000,17800,904,1.3570257425308228,0.00044007599353790283,0.39617455429397525,0.997662077890709
1432000,17900,904,1.371417760848999,0.002302477601915598,0.2770231612026691,0.9741481561213732
1440000,18000,904,1.3710013628005981,0.0005843187682330608,0.0871768593438901,0.9782936051487923
1448000,18100,904,1.3463571071624756,0.0082457410171628,0.325121894601034,0.9289072826504707
1456000,18200,904,1.3776379823684692,0.004720526281744242,0.16111652663676068,0.8560336381196976
1464000,18300,904,1.3713998794555664,0.00339147518388927,0.3121364739490673,0.9652229808270931
1472000,18400,904,1.3727824687957764,0.0048094866797327995,0.4186506599653512,0.963798251003027
1480000,18500,904,1.3755409717559814,0.02231769636273384,0.2582998628655332,0.7952926158905029
1488000,18600,904,1.3765239715576172,0.003724176436662674,0.34792842334136365,0.9586779065430164
1496000,18700,904,1.372265338897705,0.00288279727101326,0.22870333803002724,0.9742385633289814
1504000,18800,904,1.3770418167114258,0.004406987689435482,0.04866068640258163,0.8815953880548477
1512000,18900,904,1.375374436378479,0.029088133946061134,0.39057156224007483,0.7757669985294342
1520000,19000,904,1.3781667947769165,0.008552918210625648,0.3393184418499004,0.922288291156292
1528000,19100,904,1.373783826828003,0.011741762049496174,0.44576575006358327,0.8732933104038239
1536000,19200,904,1.3709995746612549,0.021764319390058517,0.5583589658141136,0.7986831218004227
1544000,19300,904,1.3544979095458984,0.0013612143229693174,0.48035142752341925,0.9846237488090992
1552000,19400,904,1.3730278015136719,0.0038637618999928236,0.23159119023475797,0.9418274015188217
1560000,19500,904,1.3637185096740723,0.010714399628341198,0.4477553650154732,0.8920296728610992
1568000,19600,904,1.340896725654602,0.006310132332146168,0.7102714035660028,0.935166023671627
1576000,19700,904,1.338984727859497,0.001529044471681118,0.5128632489591837,0.9848126601427794
1584000,19800,904,1.3618605136871338,0.001644017524085939,0.2274228151945863,0.9828686229884624
1592000,19900,904,1.3396321535110474,0.002354780910536647,0.5285257736686617,0.985126837156713
1600000,20000,905,1.3783104419708252,0.003700547618791461,0.26872555995360015,0.954692218452692
1608000,20100,905,1.378591537475586,0.002885716501623392,0.1585374738657265,0.9442468211054802
1616000,20200,905,1.358137845993042,0.004317192826420069,0.43556327336118555,0.9704819358885288
1624000,20300,905,1.3674700260162354,0.0026705760974437,0.2984655416570604,0.9788648821413517
1632000,20400,905,1.3694672584533691,0.003825221676379442,0.26968842726782893,0.9513900727033615
1640000,20500,905,1.3799514770507812,0.00583648681640625,0.08346781106665731,0.7737498730421066
1648000,20600,905,1.3739039897918701,0.005143279675394297,0.44776596302399413,0.9608328193426132
1656000,20700,905,1.3783597946166992,0.0014679639134556055,0.3010868275305256,0.9826097190380096
1664000,20800,905,1.3598825931549072,0.0016854200512170792,0.32259957220230717,0.9822366032749414
1672000,20900,905,1.3708670139312744,0.0017815462779253721,0.2970415522286203,0.9858154663816094
1680000,21000,905,1.373260736465454,0.026013964787125587,0.5438482858240604,0.8115469217300415
1688000,21100,905,1.3691734075546265,0.0020041833631694317,0.2901509722345509,0.9782902952283621
1696000,21200,905,1.3617994785308838,0.00852271355688572,0.48954398544601646,0.9121870845556259
1704000,21300,905,1.3759801387786865,0.0011244615307077765,0.2434368513058871,0.9874869594350457
1712000,21400,905,1.3558952808380127,0.0011449978919699788,0.4787738379847724,0.9935046061873436
1720000,21500,905,1.3682835102081299,0.00706959655508399,0.3350913362810388,0.9217814356088638
1728000,21600,905,1.3759201765060425,0.013788878917694092,0.43345334865152835,0.8687886744737625
1736000,21700,906,1.3555166721343994,0.003023203695192933,0.5765176074579358,0.9791249446570873
1744000,21800,906,1.3551260232925415,0.0063994103111326694,0.522093853529077,0.9636094868183136
1752000,21900,906,1.3595778942108154,0.0014631074154749513,0.3593311608186923,0.9865576913580298
1760000,22000,906,1.3435084819793701,0.007721965201199055,0.7386064472608268,0.8910554051399231
1768000,22100,906,1.3281853199005127,0.004439889453351498,0.6062495811609552,0.9657775387167931
1776000,22200,906,1.3462655544281006,0.006314065307378769,0.3324770702427486,0.9579554162919521
1784000,22300,906,1.3699426651000977,0.001158353639766574,0.2059931027062703,0.9812884107232094
1792000,22400,906,1.3434410095214844,0.004927092231810093,0.5586395569902379,0.9684518687427044
1800000,22500,906,1.3779181241989136,0.005610630847513676,0.26587829175405203,0.8885374665260315
1808000,22600,906,1.3782122135162354,0.0076672048307955265,0.37771819172776305,0.9400089122354984
1816000,22700,906,1.347280740737915,0.008002768270671368,0.5040742383338511,0.9066495895385742
1824000,22800,906,1.3686378002166748,0.0036650891415774822,0.30617690383223817,0.9579170346260071
1832000,22900,906,1.3752492666244507,0.004514363128691912,0.12817040984518827,0.9410145841538906
1840000,23000,906,1.3525396585464478,0.003822432365268469,0.44473459097207524,0.9537597522139549
1848000,23100,906,1.366161584854126,0.0036179139278829098,0.5136386481695808,0.9726848267018795
1856000,23200,907,1.349735975265503,0.0011591275688260794,0.24960638104967076,0.9830345753580332
1864000,23300,907,1.3588087558746338,0.009295029565691948,0.43990518907085063,0.9058964401483536
1872000,23400,907,1.3564202785491943,0.02287152409553528,0.5408571461164684,0.8512408286333084
1880000,23500,907,1.3659809827804565,0.007113543339073658,0.6253019051626325,0.9455759860575199
1888000,23600,907,1.3682374954223633,0.001621924340724945,-0.04809888986928854,0.40438175201416016
1896000,23700,907,1.3627357482910156,0.012562969699501991,0.6196146829053759,0.8897195607423782
1904000,23800,907,1.3586241006851196,0.01539447158575058,0.49295368967577813,0.8844486773014069
1912000,23900,907,1.3656991720199585,0.011763622052967548,0.6250840314663947,0.8770362585783005
1920000,24000,907,1.3401752710342407,0.02144593931734562,0.34846920144045723,0.8368653804063797
1928000,24100,907,1.3395063877105713,0.004990191198885441,0.1525156818330288,0.7752245366573334
1936000,24200,907,1.3487604856491089,0.009807569906115532,0.7897431250661612,0.9138879701495171
1944000,24300,907,1.3514431715011597,0.004404778126627207,0.21307611834490672,0.9291369616985321
1952000,24400,907,1.3242888450622559,0.011442618444561958,0.4756731442525052,0.9310873597860336
1960000,24500,907,1.364071249961853,0.008006359450519085,0.27985874547157435,0.8902669921517372
1968000,24600,907,1.3349186182022095,0.004617352969944477,0.3199993329879362,0.9468132853507996
1976000,24700,907,1.3344711065292358,0.02221951261162758,0.9333717059344053,0.8208679109811783
1984000,24800,907,1.360538125038147,0.01857706904411316,0.26871447486337274,0.5913335680961609
1992000,24900,907,1.3435840606689453,0.01363576389849186,0.4057407246902585,0.7132379412651062
2000000,25000,907,1.3566932678222656,0.0017368991393595934,0.2866984239197336,0.9841685649007559
2008000,25100,908,1.3310763835906982,0.00924757868051529,0.32982757603749635,0.8543722778558731
2016000,25200,908,1.3402049541473389,0.02534700557589531,0.6802822751924396,0.8039797097444534
2024000,25300,908,1.3221981525421143,0.0063764662481844425,0.5355884519405663,0.9291318356990814
2032000,25400,908,1.3272759914398193,0.01903526857495308,0.48134218230843545,0.8662911206483841
2040000,25500,908,1.337303638458252,0.0035191234201192856,0.43247890705242753,0.9680425263941288
2048000,25600,908,1.276585340499878,0.0033347674179822206,0.7078823667950929,0.9765135962516069
2056000,25700,908,1.3417994976043701,0.0036876641679555178,0.4549072161782533,0.9723440837115049
2064000,25800,908,1.3415613174438477,0.013070774264633656,0.38644136260263623,0.9006113335490227
2072000,25900,908,1.3529698848724365,0.009911507368087769,0.5988719330169261,0.9197128117084503
2080000,26000,908,1.3365225791931152,0.0034118336625397205,0.3811803893186152,0.9461393728852272
2088000,26100,908,1.336403489112854,0.008441407233476639,0.3644898257451132,0.9110723361372948
2096000,26200,908,1.3300676345825195,0.011893424205482006,0.577840018691495,0.9327866658568382
2104000,26300,908,1.318863034248352,0.019472766667604446,0.6699521800503134,0.7708845883607864
2112000,26400,908,1.3248080015182495,0.004743601195514202,0.2699563192552887,0.9472407959401608
2120000,26500,909,1.3327573537826538,0.016301995143294334,0.767256136611104,0.9136577621102333
2128000,26600,909,1.3385143280029297,0.021017637103796005,0.5955418788827955,0.7607266902923584
2136000,26700,909,1.3270604610443115,0.012140678241848946,0.5000418172450736,0.9124277979135513
2144000,26800,909,1.311604380607605,0.008410075679421425,0.5637162863276899,0.9332840070128441
2152000,26900,909,1.3288249969482422,0.009835821576416492,0.3439942396245897,0.8760685846209526
2160000,27000,909,1.3358376026153564,0.0026439097709953785,0.20490404946467605,0.9045502692461014
2168000,27100,909,1.2949867248535156,0.006247576326131821,0.3422557237208821,0.9143670201301575
2176000,27200,909,1.3240420818328857,0.012774676084518433,0.32917534628068096,0.7988096177577972
2184000,27300,909,1.3053817749023438,0.015842344611883163,0.4580412814975716,0.9089210405945778
2192000,27400,909,1.3156445026397705,0.005607403814792633,0.4744579083751887,0.9561763480305672
2200000,27500,909,1.3222124576568604,0.0056585026904940605,0.3291102765942924,0.9511437080800533
2208000,27600,909,1.3111422061920166,0.030242299661040306,0.518121437355876,0.6718107759952545
2216000,27700,909,1.3033065795898438,0.008476927876472473,0.380711665796116,0.9402125887572765
2224000,27800,909,1.325295090675354,0.005804648622870445,0.5004182720556856,0.916435144841671
2232000,27900,910,1.28310227394104,0.011425504460930824,0.5726726646767929,0.8734596371650696
2240000,28000,910,1.2957162857055664,0.027195855975151062,0.5106654583476484,0.7483373582363129
2248000,28100,910,1.313368320465088,0.009935906156897545,0.7158068474382162,0.9157229289412498
2256000,28200,910,1.2876403331756592,0.021971020847558975,0.6848324504680932,0.7781908363103867
2264000,28300,910,1.3085801601409912,0.009200919419527054,0.7069910248741508,0.9174695089459419
2272000,28400,910,1.3041799068450928,0.004923897795379162,0.4518444973742589,0.9454105906188488
2280000,28500,910,1.2864888906478882,0.003323704469949007,0.6115822376683354,0.9626191481947899
2288000,28600,910,1.3264682292938232,0.030544156208634377,0.9629947759211064,0.7902022898197174
2296000,28700,910,1.3307781219482422,0.014749035239219666,0.28790504815697204,0.8087580353021622
2304000,28800,911,1.3006210327148438,0.009173357859253883,0.8763716090470552,0.926879309117794
2312000,28900,911,1.3226604461669922,0.0080158282071352,0.6470377570018172,0.9233358651399612
2320000,29000,911,1.3329588174819946,0.00669654319062829,0.32535688396310436,0.9311814308166504
2328000,29100,911,1.3133049011230469,0.007418617606163025,0.8422802142798901,0.9525063745677471
2336000,29200,911,1.3160984516143799,0.0042575509287416935,0.7976396912708879,0.9519816562533379
2344000,29300,911,1.3127833604812622,0.00944148562848568,0.5697810421930626,0.924988754093647
2352000,29400,911,1.3186237812042236,0.0066428580321371555,0.4190708536654711,0.9503350779414177
2360000,29500,911,1.3423014879226685,0.00795475672930479,0.5896001345245168,0.9449737817049026
2368000,29600,911,1.325987696647644,0.004708601161837578,0.27820830269920405,0.8436039090156555
2376000,29700,912,1.3205448389053345,0.005013418383896351,0.5305547980125993,0.9503244534134865
2384000,29800,912,1.3418776988983154,0.007921183481812477,0.3141845568548888,0.8949064537882805
2392000,29900,912,1.3053439855575562,0.008602146990597248,0.4200251645408571,0.8763357624411583
2400000,30000,912,1.3483097553253174,0.02136591635644436,0.26031384801390234,0.6534720957279205
2408000,30100,912,1.324445366859436,0.009539155289530754,0.28969921737443655,0.8231842964887619
2416000,30200,912,1.3264710903167725,0.010239483788609505,0.45656143594533205,0.8816835582256317
2424000,30300,912,1.278765082359314,0.01863260194659233,0.6623899908270687,0.8623504638671875
2432000,30400,912,1.2921990156173706,0.009042630903422832,0.5916075676679611,0.919260174036026
2440000,30500,912,1.3127660751342773,0.008998002856969833,0.6789153831079602,0.9097041934728622
2448000,30600,912,1.262559413909912,0.02114781178534031,0.851235993951559,0.8378024846315384
2456000,30700,912,1.3174922466278076,0.014096182771027088,0.46612512117717414,0.8662658333778381
2464000,30800,913,1.3201431035995483,0.008450418710708618,0.12916765183908865,0.766219899058342
2472000,30900,913,1.332661747932434,0.02384854666888714,0.9361788548529149,0.8429028242826462
2480000,31000,913,1.2959014177322388,0.013012958690524101,0.8127056511119009,0.8905147463083267
2488000,31100,913,1.302961826324463,0.013059723190963268,0.5252854006015696,0.8741172254085541
2496000,31200,913,1.3103806972503662,0.012041129171848297,0.43542529391124846,0.8864313289523125
2504000,31300,913,1.2744098901748657,0.0029878481291234493,0.29505455275066195,0.9492870904505253
2512000,31400,913,1.3007386922836304,0.042462654411792755,0.6518211944028736,0.7235504984855652
2520000,31500,913,1.3252931833267212,0.0075380997732281685,0.8393112667836249,0.9360790699720383
2528000,31600,913,1.3071991205215454,0.03932793810963631,0.8880767713300883,0.7496710419654846
2536000,31700,913,1.2735837697982788,0.013849562034010887,0.1766608429607004,0.7030996382236481
2544000,31800,914,1.2954219579696655,0.009092298336327076,0.5891455214470624,0.8913018479943275
2552000,31900,914,1.3144826889038086,0.002414419548586011,0.2951103405095637,0.9757658448070288
2560000,32000,914,1.2823413610458374,0.013953608460724354,0.5268529184162617,0.833261102437973
2568000,32100,914,1.2708877325057983,0.04148450866341591,1.0116453964263201,0.7159659266471863
2576000,32200,914,1.2634572982788086,0.005432272795587778,0.3929497335164342,0.8996738493442535
2584000,32300,914,1.2993357181549072,0.015178302302956581,0.2913028535898775,0.8701557219028473
2592000,32400,914,1.256899118423462,0.004913588520139456,0.541831086599268,0.9563137218356133
2600000,32500,914,1.2878429889678955,0.004853388760238886,0.18690101485699415,0.9352663308382034
2608000,32600,914,1.277260184288025,0.012860390357673168,0.4586096801329404,0.8608272224664688
2616000,32700,914,1.2501134872436523,0.05328741669654846,0.5634634929476305,0.5578615665435791
2624000,32800,915,1.3061678409576416,0.020231738686561584,0.5896622950676829,0.7568100094795227
2632000,32900,915,1.3080068826675415,0.008233906701207161,0.39437072130967865,0.9215288609266281
2640000,33000,915,1.2644447088241577,0.012203751131892204,0.924819752573967,0.7956040352582932
2648000,33100,915,1.2609957456588745,0.00822537299245596,0.44947324190288784,0.7972986996173859
2656000,33200,915,1.2114320993423462,0.007508482784032822,0.7509477784857154,0.9264049157500267
2664000,33300,915,1.2795817852020264,0.014394136145710945,0.6774114333093166,0.8338185101747513
2672000,33400,915,1.273799180984497,0.013759401626884937,0.44605059755267573,0.8786978200078011
2680000,33500,915,1.279333233833313,0.01862892135977745,0.5704171910881997,0.8063682466745377
2688000,33600,916,1.2949563264846802,0.008215990848839283,0.6796307200565934,0.9269479960203171
2696000,33700,916,1.2334744930267334,0.020748455077409744,0.6904305052012205,0.8130729496479034
2704000,33800,916,1.2918027639389038,0.008796202018857002,0.3641252858564258,0.8147144913673401
2712000,33900,916,1.2094690799713135,0.011010619811713696,0.7227862138854106,0.9313071370124817
2720000,34000,916,1.2576677799224854,0.007188061717897654,0.5278013273142278,0.9120703339576721
2728000,34100,916,1.2718701362609863,0.034885335713624954,0.3773940116399899,0.602636069059372
2736000,34200,916,1.207687497138977,0.016291135922074318,0.4064838175108889,0.6897052228450775
2744000,34300,916,1.2253855466842651,0.011257761158049107,0.5056538849137724,0.7975274622440338
2752000,34400,917,1.2974575757980347,0.023675981909036636,0.9724215120077133,0.731418639421463
2760000,34500,917,1.2184979915618896,0.031259238719940186,0.8210909577086568,0.7330527603626251
2768000,34600,917,1.1725289821624756,0.015996340662240982,0.9599866207689047,0.7637882977724075
2776000,34700,917,1.2721021175384521,0.007005987223237753,0.6030394434463233,0.9132986515760422
2784000,34800,917,1.2417854070663452,0.018322665244340897,0.6184993427246809,0.7445088326931
2792000,34900,917,1.242679238319397,0.006455791648477316,0.21129866257542745,0.9106102958321571
2800000,35000,917,1.2357420921325684,0.00997281726449728,0.5861399637535214,0.91068185120821
2808000,35100,917,1.2160165309906006,0.030516963452100754,0.7163886338472366,0.5822501480579376
2816000,35200,918,1.2470223903656006,0.042322635650634766,0.7616789761930705,0.71071657538414
2824000,35300,918,1.2776635885238647,0.00868090707808733,0.6177027380559593,0.8960226401686668
2832000,35400,918,1.1586395502090454,0.005438362713903189,0.6376421631779522,0.9406101368367672
2840000,35500,918,1.237821340560913,0.010193378664553165,0.5986483128741383,0.9076822176575661
2848000,35600,918,1.2427603006362915,0.048383548855781555,0.9499377517029644,0.5529418885707855
2856000,35700,918,1.268216848373413,0.013639433309435844,0.5430114574730396,0.8609753251075745
2864000,35800,918,1.240531086921692,0.023968420922756195,0.7680060628568753,0.7743711024522781
2872000,35900,918,1.2780629396438599,0.030200090259313583,0.945057587325573,0.7718525379896164
2880000,36000,919,1.1709462404251099,0.016066525131464005,0.616288078017351,0.8177700489759445
2888000,36100,919,1.2295488119125366,0.015927564352750778,0.6531882872339339,0.8378602713346481
2896000,36200,919,1.2085530757904053,0.014993918128311634,0.761919904500246,0.8389348089694977
2904000,36300,919,1.2989343404769897,0.014137583784759045,0.8193257595412433,0.8924738988280296
2912000,36400,919,1.2022651433944702,0.04171904921531677,0.8032528458163142,0.40043848752975464
2920000,36500,919,1.2046061754226685,0.013157728128135204,1.1036475015804172,0.8806135132908821
2928000,36600,919,1.217909812927246,0.02149016037583351,0.7494413977488875,0.7592396140098572
2936000,36700,919,1.2196630239486694,0.01927494816482067,0.6616117439232767,0.846213161945343
2944000,36800,920,1.1908888816833496,0.011623531579971313,0.7354439010843634,0.873083308339119
2952000,36900,920,1.1909935474395752,0.006352750118821859,0.6271075909491628,0.9127934351563454
2960000,37000,920,1.2473256587982178,0.01099362876266241,0.685110124759376,0.8801368772983551
2968000,37100,920,1.2218290567398071,0.008005142211914062,0.7505411705002188,0.8933271914720535
2976000,37200,920,1.1726020574569702,0.008245540782809258,0.7640236201143125,0.9127898663282394
2984000,37300,920,1.216986894607544,0.016151711344718933,0.7203163579106331,0.7037797570228577
2992000,37400,920,1.1910213232040405,0.013781150802969933,0.7450533591210842,0.8644773215055466
3000000,37500,921,1.1738827228546143,0.015334305353462696,0.7520873308181762,0.8129485249519348
3008000,37600,921,1.1985756158828735,0.017098933458328247,1.1338900897651911,0.8336164951324463
3016000,37700,921,1.2139326333999634,0.013522332534193993,0.6768921840470284,0.8948049694299698
3024000,37800,921,1.1986485719680786,0.020718073472380638,0.6644201048649847,0.7959863543510437
3032000,37900,921,1.2218693494796753,0.018135393038392067,0.6823567811399698,0.8146508187055588
3040000,38000,921,1.2332406044006348,0.028124257922172546,0.7906415641307831,0.5789897739887238
3048000,38100,921,1.1880768537521362,0.010264995507895947,0.6465090218931436,0.868863046169281
3056000,38200,921,1.1484887599945068,0.017485592514276505,0.8883997784927488,0.8714062869548798
3064000,38300,922,1.2139809131622314,0.00932465773075819,0.8318679770454764,0.8778092190623283
3072000,38400,922,1.2226507663726807,0.023759476840496063,1.0563481740653515,0.8450310975313187
3080000,38500,922,1.1811809539794922,0.020679160952568054,0.852302360907197,0.6874026358127594
3088000,38600,922,1.2137290239334106,0.01132032461464405,0.8682589128613472,0.9028612971305847
3096000,38700,922,1.200786828994751,0.015905795618891716,0.8598575018346309,0.8165664225816727
3104000,38800,922,1.2001937627792358,0.009373468346893787,0.5940991190262139,0.9121574908494949
3112000,38900,922,1.2336394786834717,0.015670105814933777,0.7653562521561981,0.7828501313924789
3120000,39000,923,1.234898567199707,0.019669899716973305,0.8306852597743273,0.5348550975322723
3128000,39100,923,1.1908769607543945,0.014953169040381908,1.166989340633154,0.7729863971471786
3136000,39200,923,1.1499521732330322,0.01078842394053936,1.1027944736182689,0.8220603913068771
3144000,39300,923,1.1912615299224854,0.010657494887709618,1.199363960325718,0.877835288643837
3152000,39400,923,1.174002766609192,0.00887671671807766,1.0223043411970139,0.8899243846535683
3160000,39500,923,1.1604163646697998,0.010854348540306091,0.8225346554070712,0.9162245318293571
3168000,39600,923,1.093091607093811,0.012113602831959724,0.8736526787281036,0.9188084229826927
3176000,39700,923,1.1711006164550781,0.02464868687093258,0.6611277038231492,0.5681670904159546
3184000,39800,924,1.1760523319244385,0.008818169124424458,0.8072283210232853,0.885555699467659
3192000,39900,924,1.276233434677124,0.016519207507371902,0.8604648590087891,0.8743463903665543
3200000,40000,924,1.1938426494598389,0.03792792186141014,1.472158432751894,0.7150085866451263
3208000,40100,924,1.0414578914642334,0.0197751447558403,1.2577087718993425,0.5968813598155975
3216000,40200,924,1.1380897760391235,0.028826048597693443,1.2173121996223926,0.8106272220611572
3224000,40300,924,1.1282389163970947,0.006540557835251093,0.864060570532456,0.9304495602846146
3232000,40400,925,1.1912801265716553,0.015553650446236134,0.7642884857952594,0.8941630497574806
3240000,40500,925,1.100229263305664,0.022951899096369743,1.2303111411631107,0.6909104585647583
3248000,40600,925,1.150420904159546,0.01564093679189682,1.0917487874627114,0.8301499336957932
3256000,40700,925,1.1761839389801025,0.01508682407438755,1.000673345476389,0.8465034067630768
3264000,40800,925,1.1673203706741333,0.013714218512177467,0.7263837998732925,0.8587789982557297
3272000,40900,925,1.0591652393341064,0.018250390887260437,1.4905328094959258,0.5898992419242859
3280000,41000,925,1.1290935277938843,0.017360350117087364,1.4067114748060703,0.8726784884929657
3288000,41100,926,1.0771926641464233,0.01862076111137867,1.1729992158710956,0.8141404092311859
3296000,41200,926,1.204662561416626,0.03584352880716324,1.075395886041224,0.7207383811473846
3304000,41300,926,1.180711030960083,0.021139007061719894,0.5914598114788532,0.8990043476223946
3312000,41400,926,1.1867426633834839,0.026388099417090416,1.2749669402837753,0.8549844473600388
3320000,41500,926,1.198819875717163,0.026917263865470886,1.1266896676272153,0.6633204817771912
3328000,41600,926,1.1911288499832153,0.025500494986772537,1.3042915225028993,0.8210054636001587
3336000,41700,926,1.1776237487792969,0.036631498485803604,0.9420331470668316,0.6371856033802032
3344000,41800,927,1.1221847534179688,0.02191290259361267,1.139172015339136,0.6305533349514008
3352000,41900,927,1.1849768161773682,0.017699703574180603,0.8158389070536941,0.8488770872354507
3360000,42000,927,1.1274408102035522,0.014054656028747559,0.8679766654968262,0.8599125146865845
3368000,42100,927,1.102149248123169,0.04466580972075462,1.1640722678974271,0.7439799904823303
3376000,42200,927,1.1780226230621338,0.012239314615726471,0.8750611286610365,0.8416751623153687
3384000,42300,927,1.1484100818634033,0.02675684168934822,1.2748543113470077,0.7373557686805725
3392000,42400,927,1.0708705186843872,0.015385466627776623,1.023358491063118,0.879901185631752
3400000,42500,928,1.0368576049804688,0.022043216973543167,1.4313916712999344,0.5300919711589813
3408000,42600,928,1.221179723739624,0.0211932510137558,0.8919432677328587,0.7151802778244019
3416000,42700,928,1.15512216091156,0.012249795719981194,1.0343433551490306,0.904782734811306
3424000,42800,928,1.0721521377563477,0.029725397005677223,1.1858973510563373,0.6311140060424805
3432000,42900,928,1.2106420993804932,0.00870673917233944,0.7695145912468433,0.8191359490156174
3440000,43000,928,1.0402889251708984,0.009256715886294842,1.314577055722475,0.8804095461964607
3448000,43100,928,1.1164968013763428,0.03227449208498001,1.0007912468165159,0.7703600823879242
3456000,43200,929,1.1087077856063843,0.03594381734728813,1.607623203843832,0.6446443796157837
3464000,43300,929,1.0449497699737549,0.022735130041837692,0.9326775865629315,0.8012522161006927
3472000,43400,929,1.0818235874176025,0.026021769270300865,1.1488832898437977,0.6545355916023254
3480000,43500,929,1.22855544090271,0.014099342748522758,1.558118849992752,0.8968574777245522
3488000,43600,929,1.114527702331543,0.03314126655459404,1.454543401300907,0.7472322285175323
3496000,43700,929,1.1573795080184937,0.011826192028820515,1.1623238541185856,0.8493173569440842
3504000,43800,930,1.0441384315490723,0.03163596987724304,1.5636977516114712,0.5951820611953735
3512000,43900,930,0.9762325286865234,0.04720427840948105,1.2460248101502658,0.7056854963302612
3520000,44000,930,1.1308887004852295,0.019550684839487076,1.1795614026486874,0.8395693004131317
3528000,44100,930,1.0816075801849365,0.053296588361263275,1.2216577768325805,0.744841605424881
3536000,44200,930,1.009415864944458,0.02547127567231655,1.3917018081992865,0.7477692663669586
3544000,44300,930,1.101763367652893,0.01604035496711731,1.4223823636770248,0.7976705133914948
3552000,44400,930,1.0803508758544922,0.03831430897116661,1.3023714207112789,0.6375217437744141
3560000,44500,931,1.2003381252288818,0.030248034745454788,1.3632704980671406,0.6954678893089294
3568000,44600,931,1.0930474996566772,0.018977994099259377,1.4319890979677439,0.8137772083282471
3576000,44700,931,1.1932119131088257,0.05693655088543892,1.4963853634893893,0.7430112361907959
3584000,44800,931,1.0856801271438599,0.019036659970879555,1.4482418838888407,0.8236823976039886
3592000,44900,931,1.1213257312774658,0.05195312574505806,1.0324219098314642,0.7056238651275635
3600000,45000,931,1.081183671951294,0.03764789178967476,1.2112957529723645,0.6636452972888947
3608000,45100,931,1.0822604894638062,0.022299498319625854,1.4197531163692474,0.7251050770282745
3616000,45200,932,1.0693104267120361,0.01364909391850233,1.4434323377907277,0.8579529970884323
3624000,45300,932,1.1003426313400269,0.022794056683778763,1.1578165955841542,0.7394867837429047
3632000,45400,932,0.990296483039856,0.012618747539818287,1.3459925711154939,0.8562673777341843
3640000,45500,932,1.1132925748825073,0.014641028828918934,1.2030114099383353,0.6722784638404846
3648000,45600,932,1.118268370628357,0.017674490809440613,1.580602118372917,0.576336681842804
3656000,45700,932,1.0574829578399658,0.055421315133571625,1.226197194494307,0.7060077786445618
3664000,45800,932,1.1419932842254639,0.02182222530245781,1.6829291000962256,0.8768824934959412
3672000,45900,933,1.133893609046936,0.013346344232559204,1.0446133963763713,0.7820993810892105
3680000,46000,933,1.0612529516220093,0.025782695040106773,1.4269211579114198,0.8458932191133499
3688000,46100,933,1.0219814777374268,0.03937356173992157,1.4276618160307408,0.7163237035274506
3696000,46200,933,1.0763037204742432,0.07054183632135391,1.0150558172841557,0.6392953097820282
3704000,46300,933,1.136794090270996,0.12384802103042603,1.5941773705184459,0.4494091272354126
3712000,46400,933,1.0412763357162476,0.021452536806464195,1.3541204646229743,0.7522084265947342
3720000,46500,933,1.0612211227416992,0.02498740144073963,1.1669009000062942,0.856471449136734
3728000,46600,934,1.0015513896942139,0.02812553569674492,1.3206174500286578,0.6991109549999237
3736000,46700,934,0.9899629354476929,0.04556133225560188,1.2746469521429389,0.7290007770061493
3744000,46800,934,1.0708093643188477,0.020146049559116364,1.5262986794114113,0.8436790704727173
3752000,46900,934,1.0319958925247192,0.01757667399942875,1.502744334191084,0.7008210122585297
3760000,47000,934,1.0779540538787842,0.028951194137334824,1.5494624949991702,0.49130475521087646
3768000,47100,934,1.05375075340271,0.018788401037454605,1.364390078932047,0.6797272861003876
3776000,47200,935,1.0908476114273071,0.045060545206069946,1.4509066447615624,0.7049652338027954
3784000,47300,935,1.0295963287353516,0.030384456738829613,1.3109461344778537,0.7292414307594299
3792000,47400,935,1.0931421518325806,0.04885774105787277,1.432789082080126,0.7314822971820831
3800000,47500,935,1.0290782451629639,0.07090049237012863,1.2410487435758113,0.7500997334718704
3808000,47600,935,1.1074446439743042,0.05096764490008354,1.4311802111566068,0.7358270585536957
3816000,47700,935,0.9859670400619507,0.06720007956027985,1.59614821895957,0.647473156452179
3824000,47800,935,1.068081259727478,0.031736698001623154,0.8424350101500749,0.604907900094986
3832000,47900,936,0.9896130561828613,0.005694942083209753,1.6076802551746368,0.9072704687714577
3840000,48000,936,1.0709595680236816,0.032780226320028305,1.387875084578991,0.3706892132759094
3848000,48100,936,1.0286798477172852,0.047592539340257645,1.2367875918745994,0.41045480966567993
3856000,48200,936,1.1674082279205322,0.016231795772910118,1.5406429395079613,0.8467756509780884
3864000,48300,936,0.9584017992019653,0.023317020386457443,1.3777609787881375,0.7479462921619415
3872000,48400,936,1.025221586227417,0.05358270928263664,1.3851847916841507,0.6478083431720734
3880000,48500,936,1.0428768396377563,0.01397866290062666,2.069256517291069,0.8588413298130035
3888000,48600,937,0.9525078535079956,0.042093049734830856,1.0334893120452762,0.5181596875190735
3896000,48700,937,1.0642434358596802,0.05401403456926346,1.9266944378614426,0.71210578083992
3904000,48800,937,1.0124651193618774,0.08135519921779633,1.79893809966743,0.47728562355041504
3912000,48900,937,1.0871385335922241,0.019908718764781952,1.5833043798804283,0.7646314650774002
3920000,49000,937,0.9160598516464233,0.05050935596227646,1.4121363043785096,0.6974097490310669
3928000,49100,937,1.0102381706237793,0.03860856220126152,1.6635831829160452,0.7185313999652863
3936000,49200,937,1.1054726839065552,0.015681913122534752,1.602802512049675,0.9060372039675713
3944000,49300,938,1.0756609439849854,0.014667628332972527,1.668987214565277,0.8241207152605057
3952000,49400,938,1.0364500284194946,0.01926291175186634,1.8129826441407204,0.7863596528768539
3960000,49500,938,1.1035913228988647,0.026293035596609116,1.6711280092597007,0.8841369971632957
3968000,49600,938,1.1137139797210693,0.013450240716338158,1.570881712436676,0.8824535682797432
3976000,49700,938,1.0720223188400269,0.01954622194170952,1.5532097466289998,0.8035631775856018
3984000,49800,938,1.0457358360290527,0.013642986305058002,1.8219299629330634,0.8051121681928635
3992000,49900,938,1.1037105321884155,0.0512850396335125,1.6077180434018374,0.7432522475719452
4000000,50000,939,1.0629980564117432,0.027200186625123024,1.8355896770954132,0.8113008290529251
4008000,50100,939,0.9824649095535278,0.030471738427877426,1.706962503120303,0.7815716564655304
4016000,50200,939,1.0525031089782715,0.011873614974319935,1.6650949522852898,0.7918124794960022
4024000,50300,939,1.0632244348526,0.024373741820454597,1.535911860316992,0.8514394611120224
4032000,50400,939,1.0176223516464233,0.026606762781739235,1.7569048956036568,0.5921165943145752
4040000,50500,939,1.075683832168579,0.01407806295901537,1.650373563170433,0.8302937746047974
4048000,50600,939,1.007036805152893,0.07821211963891983,1.9565579771995545,0.569391280412674
4056000,50700,940,0.9717336893081665,0.013236336410045624,1.52673514559865,0.8212060630321503
4064000,50800,940,1.0181001424789429,0.02471213974058628,2.159196062386036,0.5762040317058563
4072000,50900,940,1.0508363246917725,0.03283708542585373,1.8748689368367195,0.7453716397285461
4080000,51000,940,1.017102837562561,0.04250723123550415,1.7585499808192253,0.767427459359169
4088000,51100,940,1.0842525959014893,0.06451721489429474,1.7164793595671655,0.5721507966518402
4096000,51200,940,0.9956048130989075,0.03783755004405975,1.7939001329243183,0.5217572450637817
4104000,51300,940,0.9816370010375977,0.11519553512334824,1.5174407880753278,0.5122944712638855
4112000,51400,941,1.0067023038864136,0.03142270818352699,1.6381249696016311,0.6253772675991058
4120000,51500,941,1.0020899772644043,0.012098554521799088,1.69495220631361,0.745186448097229
4128000,51600,941,1.1330463886260986,0.02469893917441368,2.5600791916251184,0.739461749792099
4136000,51700,941,1.0521044731140137,0.0271696038544178,1.8037865974009037,0.6860075891017914
4144000,51800,941,0.9579737782478333,0.004848652519285679,1.5069122895598412,0.8056607991456985
4152000,51900,941,1.0171178579330444,0.04112880676984787,1.6126304104924203,0.8570274710655212
4160000,52000,941,1.1040185689926147,0.02953774854540825,1.7425281569361686,0.4333154559135437
4168000,52100,942,1.121860384941101,0.0147164361551404,1.640146118402481,0.8146377056837082
4176000,52200,942,1.00967276096344,0.09060104936361313,1.7220560412853956,0.17017817497253418
4184000,52300,942,0.8927004933357239,0.07313920557498932,2.001844534277916,0.6272057890892029
4192000,52400,942,1.0582292079925537,0.028926795348525047,1.7236221715807916,0.6809388697147369
4200000,52500,942,1.0880520343780518,0.026289183646440506,1.7382971048355103,0.6871532797813416
4208000,52600,942,1.0948759317398071,0.021209562197327614,1.7506125718355179,0.6872915923595428
4216000,52700,942,1.02823805809021,0.008879756554961205,2.130510188639164,0.8861817717552185
4224000,52800,943,0.9962303042411804,0.012169466353952885,2.116792011260986,0.727417916059494
4232000,52900,943,0.9717591404914856,0.03403114527463913,1.834455729648471,0.8144316971302032
4240000,53000,943,1.0108582973480225,0.10201432555913925,1.6209512148052454,0.5212488174438477
4248000,53100,943,0.9862060546875,0.11721088737249374,1.7338960573077202,0.41780906915664673
4256000,53200,943,1.1274398565292358,0.024346884340047836,1.595705685019493,0.8471449315547943
4264000,53300,943,0.9161611795425415,0.018836060538887978,1.7837974816560744,0.757203221321106
4272000,53400,943,1.0397400856018066,0.03641700744628906,1.5813402190804482,0.49381399154663086
4280000,53500,944,1.03368079662323,0.015552917495369911,1.6936516270041466,0.8005237430334091
4288000,53600,944,0.925361156463623,0.028366049751639366,1.925077672302723,0.7568080574274063
4296000,53700,944,1.0702427625656128,0.015182966366410255,1.841188259422779,0.8485251814126968
4304000,53800,944,1.0402953624725342,0.056986939162015915,1.8925365298986434,0.5390413403511047
4312000,53900,944,1.0159492492675781,0.01969047635793686,1.861614665389061,0.7881787866353989
4320000,54000,944,1.0756282806396484,0.013946381397545338,2.194218721985817,0.8907570317387581
4328000,54100,944,0.9869004487991333,0.028060773387551308,1.8907467290759086,0.6881035268306732
4336000,54200,945,1.0326772928237915,0.011966352351009846,1.6752834558486938,0.8023572564125061
4344000,54300,945,0.968443751335144,0.029109615832567215,1.7682745471596717,0.4402540922164917
4352000,54400,945,1.0352652072906494,0.05560772866010666,1.8238863233476876,0.503360778093338
4360000,54500,945,1.009826898574829,0.02472635917365551,1.7166716411709786,0.4086077809333801
4368000,54600,945,0.8673882484436035,0.02026275359094143,1.7816451326012612,0.7528762966394424
4376000,54700,945,0.8878253698348999,0.05651745945215225,1.9298739321529865,0.5240719020366669
4384000,54800,945,1.0120623111724854,0.011353195644915104,2.120270220935345,0.8056660890579224
4392000,54900,945,0.9517802000045776,0.059591878205537796,1.9836622029542923,0.6112339496612549
4400000,55000,946,0.9953234791755676,0.04680642858147621,1.7918435260653496,0.6629773378372192
4408000,55100,946,1.0172566175460815,0.016088947653770447,1.7591543078422547,0.7541491985321045
4416000,55200,946,0.913722813129425,0.1537831872701645,1.967993113398552,0.5973281562328339
4424000,55300,946,0.9068108797073364,0.057092368602752686,2.065725516527891,0.36779510974884033
4432000,55400,946,0.8089536428451538,0.050148677080869675,2.0142940528690816,0.4859098792076111
4440000,55500,946,0.9424546360969543,0.06435628235340118,1.890792902559042,0.40360885858535767
4448000,55600,946,0.9045236706733704,0.0500415563583374,1.7800308221951127,0.7761716395616531
4456000,55700,947,1.0216114521026611,0.01184857077896595,1.8291505709290505,0.8103901594877243
4464000,55800,947,1.0499322414398193,0.06738384068012238,1.9590717494487762,0.5389279127120972
4472000,55900,947,0.958645224571228,0.03128858655691147,2.4517743051052094,0.7536398619413376
4480000,56000,947,0.9846535921096802,0.009611710906028748,2.060656374692917,0.7986670285463333
4488000,56100,947,0.9155071377754211,0.03951839357614517,2.184152400493622,0.7436475455760956
4496000,56200,947,0.7608195543289185,0.015256074257194996,1.8948907852172852,0.6767197251319885
4504000,56300,947,0.871170699596405,0.019023865461349487,1.9536675229668616,0.4641002416610718
4512000,56400,947,0.9925435781478882,0.024257566779851913,2.070401805639267,0.7437437474727631
4520000,56500,948,0.9924551248550415,0.014667552895843983,1.918909054994583,0.8255434930324554
4528000,56600,948,1.0583397150039673,0.03671088069677353,2.0214085981249807,0.8457387834787369
4536000,56700,948,1.0300257205963135,0.014468276873230934,2.0427957072854044,0.8167936503887177
4544000,56800,948,0.9681702852249146,0.037292640656232834,2.0934719279408456,0.838559478521347
4552000,56900,948,1.0089234113693237,0.009221583604812622,1.8096358999609947,0.9317282363772392
4560000,57000,948,0.9576776623725891,0.023265648633241653,1.9452630490064622,0.6921533644199371
4568000,57100,948,0.9747743606567383,0.014283798635005951,2.340245857834816,0.6917795538902283
4576000,57200,948,0.9852913618087769,0.019757114350795746,2.124785803258419,0.3517971634864807
4584000,57300,949,1.0453073978424072,0.009370115585625172,1.9249153792858125,0.7903584092855453
4592000,57400,949,0.9838857650756836,0.11060965061187744,1.532223916426301,0.5680505335330963
4600000,57500,949,1.0292257070541382,0.0075142765417695045,2.4711131498217584,0.8791925460100174
4608000,57600,949,1.026397943496704,0.02782491222023964,2.2283093765378,0.5846520364284515
4616000,57700,949,0.9810016751289368,0.05205665901303291,1.6077030070126057,0.6305748224258423
4624000,57800,949,1.0086313486099243,0.013144236989319324,2.103877839446068,0.8382595628499985
4632000,57900,949,1.0462709665298462,0.019377995282411575,2.040379472076893,0.6368066668510437
4640000,58000,949,0.9471187591552734,0.01248112227767706,1.9816673129796982,0.7441397905349731
4648000,58100,950,1.0428575277328491,0.0106014683842659,2.117943175137043,0.8049172312021255
4656000,58200,950,1.0142688751220703,0.009589722380042076,2.067476697266102,0.8461777567863464
4664000,58300,950,0.8763774633407593,0.0995839536190033,1.865986095368862,0.6490315198898315
4672000,58400,950,0.9979134798049927,0.014611986465752125,2.0599490329623222,0.7830422073602676
4680000,58500,950,0.9523218274116516,0.08023550361394882,2.2270219758152963,0.5071899592876434
4688000,58600,950,0.9582723379135132,0.024925151839852333,2.1542371958494186,0.7921186089515686
4696000,58700,950,1.0412884950637817,0.033847711980342865,2.1172782830893992,0.6142882704734802
4704000,58800,950,0.9864940643310547,0.019857257604599,2.0389383122324944,0.7124873995780945
4712000,58900,951,0.9645489454269409,0.010812093503773212,1.962249581515789,0.820424497127533
4720000,59000,951,1.0792591571807861,0.09102052450180054,1.8705522417090834,0.44798362255096436
4728000,59100,951,0.9763242602348328,0.17574185132980347,2.4679825723171236,0.5391131937503815
4736000,59200,951,0.9743453860282898,0.02643471583724022,2.116589392721653,0.7370931208133698
4744000,59300,951,0.9356452822685242,0.023574719205498695,2.133343054354191,0.8733484447002411
4752000,59400,951,0.9432536959648132,0.028909314423799515,2.32906184643507,0.5918379426002502
4760000,59500,951,0.9659536480903625,0.020499449223279953,2.796945831179619,0.6688318252563477
4768000,59600,951,1.0963279008865356,0.0886012464761734,1.7439672634005547,0.42754751443862915
4776000,59700,951,0.9515762329101562,0.01303145568817854,2.4396077379584313,0.7784219086170197
4784000,59800,952,0.9459069967269897,0.007054646499454975,2.1875450044870375,0.8967022746801376
4792000,59900,952,0.9317628741264343,0.01707286573946476,2.138641284406185,0.6484629511833191
4800000,60000,952,0.8689039349555969,0.01981360837817192,2.159491555392742,0.6062602400779724
4808000,60100,952,1.0054101943969727,0.11404237896203995,1.915937179327011,0.3503614068031311
4816000,60200,952,0.8912011981010437,0.010689279064536095,2.103385953605175,0.8060886561870575
4824000,60300,952,1.0034222602844238,0.01000690832734108,2.419449619948864,0.8607552349567413
4832000,60400,952,0.987193763256073,0.03506513312458992,2.290060023963451,0.2169034481048584
4840000,60500,952,0.9535329937934875,0.04471224546432495,2.345420727133751,-0.01838076114654541
4848000,60600,953,0.972287654876709,0.008408437483012676,2.3570585519075395,0.8396060913801193
4856000,60700,953,1.0131893157958984,0.018692558631300926,2.396070256829262,0.6185731291770935
4864000,60800,953,1.0339092016220093,0.05701842159032822,1.7984201796352863,0.5999074578285217
4872000,60900,953,0.9454855918884277,0.019706299528479576,2.603405538201332,0.7382953464984894
4880000,61000,953,0.8701839447021484,0.008695239201188087,2.36101510822773,0.8194520026445389
4888000,61100,953,0.9387731552124023,0.027239710092544556,2.0696195835247635,0.8826526626944542
4896000,61200,953,0.9664676785469055,0.06351616233587265,2.1046517878770827,0.6641813814640045
4904000,61300,953,0.9292641878128052,0.013261623680591583,2.59184357970953,0.8644979447126389
4912000,61400,953,0.9672901034355164,0.029568776488304138,2.260830283164978,0.33754414319992065
4920000,61500,954,1.0221036672592163,0.007759330328553915,2.362529496848583,0.8399786502122879
4928000,61600,954,0.9244306683540344,0.013125699944794178,2.231859955191612,0.6680195927619934
4936000,61700,954,0.911595344543457,0.03836765140295029,1.8733628511428833,0.8046759963035583
4944000,61800,954,0.9586648941040039,0.05787038058042526,2.2525640696287157,0.7120853662490845
4952000,61900,954,0.9104799032211304,0.016064846888184547,2.3670355334877966,0.7541995048522949
4960000,62000,954,1.0214574337005615,0.053996212780475616,2.1436324045062065,0.6186314523220062
4968000,62100,954,0.9103978276252747,0.012440296821296215,2.7632688730955124,0.7736600339412689
4976000,62200,954,0.9495131373405457,0.016947545111179352,2.472506181895733,0.7475931644439697
4984000,62300,954,0.983390212059021,0.03601490706205368,2.004876805841923,0.26663386821746826
4992000,62400,955,0.9344485402107239,0.07277639955282211,2.6503837674856188,0.0664178729057312
5000000,62500,955,0.9458299875259399,0.054318346083164215,2.4674703285098074,0.5482009947299957
5008000,62600,955,0.8512805700302124,0.015227273106575012,2.5568687349557875,0.4611492156982422
5016000,62700,955,0.9185523986816406,0.009677466936409473,2.4603298410773276,0.866074800491333
5024000,62800,955,0.9059084057807922,0.01141692977398634,2.221365262567997,0.7228510677814484
5032000,62900,955,0.9519807696342468,0.011098508723080158,2.155698698759079,0.8594447523355484
5040000,63000,955,0.9776382446289062,0.025329794734716415,2.182295647263527,0.5543183386325836
5048000,63100,955,0.909855842590332,0.009439440444111824,2.536216180026531,0.8172948658466339
5056000,63200,956,1.0063356161117554,0.014503504149615765,2.293236921727657,0.7974922955036163
5064000,63300,956,0.8930913805961609,0.03730738162994385,2.589066231250763,0.2457209825515747
5072000,63400,956,1.0328269004821777,0.052684687077999115,2.3936941787600516,0.7685790061950684
5080000,63500,956,0.9272138476371765,0.010990179143846035,2.3169451713562013,0.7875507920980453
5088000,63600,956,0.9827455282211304,0.06049663946032524,2.1903799757361413,0.5671600103378296
5096000,63700,956,0.8867635726928711,0.0685984343290329,2.575661277025938,0.5016201734542847
5104000,63800,956,1.0025056600570679,0.04447179660201073,2.5240546464920044,0.5037126839160919
5112000,63900,956,0.9757448434829712,0.00904691219329834,2.1192918077111242,0.7417202591896057
5120000,64000,956,0.9463332891464233,0.1437646746635437,2.3273973613977432,0.5939986109733582
5128000,64100,957,0.96612948179245,0.09232862293720245,2.282051903009415,0.3405442237854004
5136000,64200,957,0.9101535677909851,0.0773392841219902,2.200517825037241,0.41782689094543457
5144000,64300,957,0.9053579568862915,0.012132551521062851,2.327971550822258,0.7828416079282761
5152000,64400,957,0.9862810373306274,0.1853782683610916,3.4735832035541536,0.9876106642186642
5160000,64500,957,0.9352404475212097,0.013377794995903969,2.107461541891098,0.8325117975473404
5168000,64600,957,0.9557772874832153,0.01949079893529415,2.6550085857510566,0.7289784252643585
5176000,64700,957,0.8633886575698853,0.01277230679988861,2.4014740526676177,0.8751039728522301
5184000,64800,957,0.9078508615493774,0.008137946017086506,2.200692193210125,0.7814069241285324
5192000,64900,957,1.0135509967803955,0.024935368448495865,2.09736255556345,0.8532630503177643
5200000,65000,958,0.8347898721694946,0.16739781200885773,3.196786656975746,0.8857113122940063
5208000,65100,958,1.0051791667938232,0.01667945645749569,2.650399851799011,0.8030014485120773
5216000,65200,958,0.9323542714118958,0.03125960752367973,2.435805992782116,0.6753475069999695
5224000,65300,958,0.9522379636764526,0.09578932076692581,2.0355001453310253,0.46443915367126465
5232000,65400,958,0.9446307420730591,0.012811246328055859,2.4732320845127105,0.6094372868537903
5240000,65500,958,0.9371819496154785,0.03988654538989067,2.355614598095417,0.6619633138179779
5248000,65600,958,0.9773972630500793,0.03948347643017769,1.8494454875588417,0.7767995893955231
5256000,65700,958,0.9005365371704102,0.06076505035161972,2.0003845542669296,0.67812779545784
5264000,65800,958,0.9524521827697754,0.1250430941581726,2.2976154129952193,0.3102966547012329
5272000,65900,958,1.0042402744293213,0.1414010226726532,2.6210246801376345,0.8618892729282379
5280000,66000,959,1.0436512231826782,0.010366188362240791,2.130068325996399,0.8103189170360565
5288000,66100,959,0.9815484285354614,0.018829133361577988,2.477036389708519,0.8906214311718941
5296000,66200,959,1.0260179042816162,0.09073299914598465,2.411544367671013,0.627954363822937
5304000,66300,959,0.9237350225448608,0.02676616981625557,2.19061443656683,0.3676193356513977
5312000,66400,959,0.9516111612319946,0.010296789929270744,2.4799209266901014,0.7465563714504242
5320000,66500,959,0.9259485006332397,0.10327241569757462,2.796433785557747,0.4271758198738098
5328000,66600,959,0.9003772735595703,0.015940789133310318,2.9353970259428026,0.6585240066051483
5336000,66700,959,0.7879406213760376,0.04474850744009018,2.679813566803932,0.9004869908094406
5344000,66800,959,1.0477931499481201,0.008471183478832245,2.6118297249078752,0.8046111911535263
5352000,66900,959,0.9761577844619751,0.014078201726078987,2.7377724796533585,0.7398512661457062
5360000,67000,960,1.0534231662750244,0.00819819699972868,2.768564540147781,0.8616733551025391
5368000,67100,960,1.0363209247589111,0.011531062424182892,2.384728227555752,0.7919936329126358
5376000,67200,960,1.0353050231933594,0.02278457209467888,2.3608294785022736,0.8943849802017212
5384000,67300,960,1.0524314641952515,0.016643797978758812,2.319063752889633,0.8934207409620285
5392000,67400,960,1.0348585844039917,0.01654346100986004,2.3712983220815658,0.6264833211898804
5400000,67500,960,1.0181770324707031,0.1414988487958908,2.163163563236594,0.3036310076713562
5408000,67600,960,0.896715521812439,0.009193012490868568,2.233715759217739,0.7834410518407822
5416000,67700,960,0.9558679461479187,0.02021830528974533,2.410611924529076,0.3467751145362854
5424000,67800,960,1.0282232761383057,0.008566737174987793,2.7515555918216705,0.7924278527498245
5432000,67900,961,0.9834535717964172,0.011702002957463264,2.3486017689108847,0.7504870295524597
5440000,68000,961,0.9708335995674133,0.03223462775349617,2.211539927124977,0.8098119348287582
5448000,68100,961,0.8384217023849487,0.03251705318689346,2.679675129055977,0.38275736570358276
5456000,68200,961,0.9911273121833801,0.01680392026901245,2.6256557285785673,0.8695013374090195
5464000,68300,961,0.9110288619995117,0.08368676900863647,2.350039579719305,0.3087642788887024
5472000,68400,961,0.8961473703384399,0.06993694603443146,1.9552414022386073,0.2841419577598572
5480000,68500,961,1.0287294387817383,0.014813455753028393,2.7234743237495422,0.7630542069673538
5488000,68600,961,1.0344672203063965,0.05753596872091293,2.4961107581853867,0.7444263398647308
5496000,68700,961,0.9525650143623352,0.14970973134040833,2.422477665543556,0.48685556650161743
5504000,68800,961,1.0856918096542358,0.0834602490067482,2.5932404577732084,0.638975590467453
5512000,68900,962,0.8256122469902039,0.017568156123161316,2.6892997294664385,0.45247846841812134
5520000,69000,962,0.9898044466972351,0.04414517804980278,2.6225176259875296,-0.140466570854187
5528000,69100,962,0.9966882467269897,0.012772960588335991,2.5375631928443907,0.7235935628414154
5536000,69200,962,1.0208653211593628,0.015219052322208881,2.760083881020546,0.7391978204250336
5544000,69300,962,1.0324475765228271,0.007042418234050274,2.5092828035354615,0.8703903406858444
5552000,69400,962,0.9935181736946106,0.04372793808579445,2.4017464622855185,0.3767576217651367
5560000,69500,962,0.9618877172470093,0.016379239037632942,2.847340589761734,0.7188380360603333
5568000,69600,962,0.9266331791877747,0.143694207072258,2.4305747278034686,0.5059310495853424
5576000,69700,962,0.9795762300491333,0.008507320657372475,2.582957756519318,0.8759200274944305
5584000,69800,962,0.865400493144989,0.012583209201693535,2.413706025481224,0.9264853075146675
5592000,69900,962,1.000118613243103,0.08757753670215607,2.4733090311288835,0.6676499843597412
5600000,70000,963,1.071853518486023,0.06328967958688736,2.379620632529259,0.5704075694084167
5608000,70100,963,0.9235962629318237,0.012918111868202686,2.5627485811710358,0.9411269016563892
5616000,70200,963,0.9221187829971313,0.02891751006245613,3.0867106169462204,0.5472870767116547
5624000,70300,963,0.9243208169937134,0.012567359022796154,2.4884333819150926,0.7788496613502502
5632000,70400,963,0.8938490748405457,0.2003038376569748,2.437635410949588,0.30590033531188965
5640000,70500,963,0.9854797124862671,0.12763281166553497,2.4323155868332833,0.539063036441803
5648000,70600,963,1.0461604595184326,0.09366624057292938,2.5426746712997557,0.6659090518951416
5656000,70700,963,0.9158731698989868,0.009496650658547878,2.5726705223321913,0.7552266120910645
5664000,70800,963,0.9380871653556824,0.01050723809748888,2.505283831059933,0.7477315962314606
5672000,70900,963,0.8965786099433899,0.028681522235274315,2.4733901783823966,0.597128301858902
5680000,71000,964,0.9576829075813293,0.014656001701951027,2.794960170984268,0.8190228492021561
5688000,71100,964,0.9535125494003296,0.024804241955280304,2.8620278149843217,0.8439754694700241
5696000,71200,964,1.007415533065796,0.018620941787958145,2.818573459982872,0.7079555094242096
5704000,71300,964,1.0028901100158691,0.08530250191688538,2.6967643439769744,0.7201485633850098
5712000,71400,964,0.8779813647270203,0.01109420694410801,2.3662332981824874,0.7843974530696869
5720000,71500,964,0.9138321876525879,0.026569640263915062,2.878040999174118,0.5989936590194702
5728000,71600,964,0.8723670244216919,0.03491830453276634,2.9429424107074738,0.9601421356201172
5736000,71700,964,0.9969096183776855,0.12169484794139862,2.57482932806015,0.6045763194561005
5744000,71800,964,1.0518019199371338,0.051207177340984344,2.177601711452007,0.44196516275405884
5752000,71900,964,0.9141321182250977,0.008367763832211494,2.517738181352615,0.8489454090595245
5760000,72000,964,0.9597578048706055,0.05231186002492905,2.5257498770952225,0.7968054562807083
5768000,72100,965,1.034528374671936,0.04998962581157684,0.7014041256159544,0.2612999677658081
5776000,72200,965,0.8981860876083374,0.014381910674273968,2.668062227964401,0.5210689902305603
5784000,72300,965,0.8579018712043762,0.09785094857215881,2.2420094653964044,0.4582984447479248
5792000,72400,965,0.8001624941825867,0.011300462298095226,2.672306624054909,0.626905232667923
5800000,72500,965,0.8707696795463562,0.12581993639469147,2.9799218475818634,0.5670419037342072
5808000,72600,965,0.8691819906234741,0.023009181022644043,2.8872755795717238,0.5181900262832642
5816000,72700,965,0.997702956199646,0.040548600256443024,3.3545013546943663,0.7383456230163574
5824000,72800,965,0.8729190826416016,0.011016023345291615,2.928396463394165,0.827822744846344
5832000,72900,965,0.8311998248100281,0.03655963018536568,2.612185561656952,-0.3286926746368408
5840000,73000,965,0.7817767858505249,0.03135272115468979,-0.30155456259381025,-0.4699115753173828
5848000,73100,965,0.9105510711669922,0.01084524393081665,2.7496822595596315,0.8286620527505875
5856000,73200,965,0.9079378247261047,0.012697668746113777,2.764758360385895,0.7537759095430374
5864000,73300,966,0.8025360107421875,0.0054194070398807526,2.495431113243103,0.750774472951889
5872000,73400,966,0.9132612347602844,0.008752869442105293,3.022090208530426,0.8811893314123154
5880000,73500,966,0.8604347109794617,0.1111631989479065,2.628354823589325,0.5198802053928375
5888000,73600,966,1.0191224813461304,0.01704278029501438,0.7879445984959602,0.5913905799388885
5896000,73700,966,0.7732183933258057,0.010090790688991547,1.3014713518321515,0.8409067541360855
5904000,73800,966,0.7885814905166626,0.013545003719627857,2.304566000401974,0.8874831721186638
5912000,73900,966,0.828591525554657,0.02289743348956108,2.949069136381149,0.866944819688797
5920000,74000,966,0.8997027277946472,0.013886329717934132,2.6827674001455306,0.7536390125751495
5928000,74100,966,0.9012759923934937,0.01627025008201599,2.7113644003868105,0.7556154429912567
5936000,74200,966,0.9958198666572571,0.03496455028653145,2.7736146464943885,0.6202876269817352
5944000,74300,966,0.8657668828964233,0.01649925485253334,2.721830481290817,0.9357126578688622
5952000,74400,966,0.8700093030929565,0.00951372180134058,2.8772036522626876,0.7956441938877106
5960000,74500,966,1.0013391971588135,0.15123295783996582,2.6039609273895623,0.3439725637435913
5968000,74600,967,0.9623751640319824,0.011260075494647026,2.5749889701604842,0.7411742210388184
5976000,74700,967,0.9463493227958679,0.01378968171775341,2.7276923835277556,0.785479336977005
5984000,74800,967,0.9953077435493469,0.03954156115651131,2.6548900276422502,0.2612453103065491
5992000,74900,967,1.0048829317092896,0.05498090386390686,1.4838543847203254,0.5196935832500458
6000000,75000,967,0.9714289903640747,0.10801087319850922,2.1601020470261574,0.6046606600284576
6008000,75100,967,0.9459527730941772,0.049778472632169724,2.5417097747325896,0.5212357044219971
6016000,75200,967,0.9366071820259094,0.06706646829843521,2.81727976500988,0.6488358974456787
6024000,75300,967,0.9579839706420898,0.015671171247959137,2.2545759454369545,0.924959197640419
6032000,75400,967,0.8064918518066406,0.02232741191983223,2.6546291559934616,0.7406905591487885
6040000,75500,967,0.983241856098175,0.027569841593503952,2.7106531247496606,0.7062880396842957
6048000,75600,967,0.9646581411361694,0.0658949762582779,2.744642826914787,0.516077995300293
6056000,75700,967,1.0358388423919678,0.007155136205255985,2.5858145147562026,0.8910816758871078
6064000,75800,968,0.8696845173835754,0.016533056274056435,2.5656374514102938,0.7177069187164307
6072000,75900,968,0.9311861991882324,0.010599293746054173,3.3372618705034256,0.7834342122077942
6080000,76000,968,0.8635025024414062,0.07253842055797577,2.5410692393779755,0.11672371625900269
6088000,76100,968,0.9774246215820312,0.008563222363591194,2.7630958795547484,0.7838216871023178
6096000,76200,968,0.9416465759277344,0.07059888541698456,2.4966744512319563,0.7065826058387756
6104000,76300,968,1.0057013034820557,0.05682573467493057,2.471495532989502,0.2759549021720886
6112000,76400,968,0.953842282295227,0.011193361133337021,2.911630302667618,0.7212027609348297
6120000,76500,968,0.9780057668685913,0.049390632659196854,2.940653309226036,0.8502174466848373
6128000,76600,968,0.886975884437561,0.03251434117555618,2.8542299583554267,0.6819333136081696
6136000,76700,968,0.9779345393180847,0.011240653693675995,2.7153045415878294,0.7735189497470856
6144000,76800,968,0.9699941873550415,0.008859552443027496,2.8710806727409364,0.792557492852211
6152000,76900,968,0.9777199625968933,0.035497404634952545,2.6573095694184303,0.6884112656116486
6160000,77000,969,0.9152978658676147,0.03227391093969345,2.833697047829628,0.4607526659965515
6168000,77100,969,0.9137439727783203,0.012840809300541878,2.8539501816034316,0.6685126423835754
6176000,77200,969,0.9813134074211121,0.049957625567913055,2.828333169221878,0.5300321280956268
6184000,77300,969,0.9797348976135254,0.009111231192946434,2.9520533800125124,0.773116409778595
6192000,77400,969,0.9185165166854858,0.012534655630588531,2.9583779245615007,0.68129962682724
6200000,77500,969,0.9043862223625183,0.028831029310822487,3.1310795128345488,0.39117127656936646
6208000,77600,969,0.8792309761047363,0.011861689388751984,2.5973867774009705,0.9106440320611
6216000,77700,969,1.0028016567230225,0.16721704602241516,3.099182832241058,0.35037165880203247
6224000,77800,969,0.8429796099662781,0.05738595873117447,3.3649807944893837,0.5702683627605438
6232000,77900,969,0.9470632672309875,0.06489143520593643,2.709915076196194,0.4949015974998474
6240000,78000,969,0.9389722943305969,0.01508188433945179,3.143797042965889,0.6708301901817322
6248000,78100,969,0.9767268896102905,0.10666120052337646,3.1678840726614,0.5049553513526917
6256000,78200,969,0.9924877882003784,0.03184173256158829,2.8566148310899733,0.7864459007978439
6264000,78300,970,0.9862333536148071,0.01996409147977829,2.963659831881523,0.6912535429000854
6272000,78400,970,0.7282484769821167,0.09138806909322739,3.309799912571907,0.34182053804397583
6280000,78500,970,0.9187390208244324,0.19890882074832916,2.843330603837967,0.5159650146961212
6288000,78600,970,0.8852340579032898,0.1193755716085434,2.6827328592538833,0.5932633578777313
6296000,78700,970,1.0025842189788818,0.020992107689380646,3.258374199271202,0.7342404723167419
6304000,78800,970,0.8650148510932922,0.15200325846672058,2.6984058409929275,0.6368499100208282
6312000,78900,970,0.9369087219238281,0.07612671703100204,3.192981071770191,0.4574567675590515
6320000,79000,970,0.782666802406311,0.01872270740568638,3.626817059516907,0.81790392100811
6328000,79100,970,0.9028853178024292,0.006097681354731321,3.1814829766750337,0.9106250554323196
6336000,79200,970,0.9682667851448059,0.10476712882518768,2.62631002292037,0.34460532665252686
6344000,79300,970,0.9853836297988892,0.06929606944322586,3.3657266587018966,0.7834839075803757
6352000,79400,970,0.9527465105056763,0.03612440079450607,3.085690602660179,0.44500887393951416
6360000,79500,970,0.9820230603218079,0.14352090656757355,3.248602180182934,0.5218931138515472
6368000,79600,971,0.975805401802063,0.017066095024347305,3.42417474091053,0.901940181851387
6376000,79700,971,0.7854085564613342,0.2267848253250122,3.730392670631409,0.6923428773880005
6384000,79800,971,0.825819194316864,0.17410340905189514,3.068989610671997,0.43824201822280884
6392000,79900,971,0.9254528284072876,0.018399883061647415,3.0184365034103395,0.555396318435669
6400000,80000,971,0.9326666593551636,0.02054074965417385,3.5335769236087797,0.7613796293735504
6408000,80100,971,0.9036778211593628,0.006388404872268438,3.169559985399246,0.9303699135780334
6416000,80200,971,0.933152973651886,0.028229892253875732,2.5892538189888,0.8631040155887604
6424000,80300,971,0.9559017419815063,0.017310352995991707,3.2077095091342924,0.6883739233016968
6432000,80400,971,0.8863609433174133,0.02807219699025154,3.8689734444022177,0.9440987594425678
6440000,80500,971,0.8966811299324036,0.014276455156505108,3.208168399333954,0.8816860094666481
6448000,80600,971,0.964546799659729,0.017938608303666115,3.384098881483078,0.9270830526947975
6456000,80700,971,0.8464458584785461,0.06568250060081482,3.193468451499939,0.4133144021034241
6464000,80800,971,0.8318700790405273,0.019241036847233772,3.1612454414367677,0.8665429055690765
6472000,80900,972,0.9796122312545776,0.019700126722455025,3.2727643311023713,0.9326878115534782
6480000,81000,972,0.8899472951889038,0.14911288022994995,3.256523887813091,0.40470707416534424
6488000,81100,972,0.935297966003418,0.025692593306303024,3.5410326182842256,0.6995163559913635
6496000,81200,972,0.9243810772895813,0.07281240075826645,3.2481313072144986,0.7412596344947815
6504000,81300,972,0.993252158164978,0.14526650309562683,2.910074646025896,0.40840089321136475
6512000,81400,972,0.9182049632072449,0.017367055639624596,3.2714387327432632,0.8146802634000778
6520000,81500,972,0.8533633947372437,0.012271860614418983,3.0902939200401307,0.9657712355256081
6528000,81600,972,0.960722804069519,0.006886787712574005,3.1359917670488358,0.869861975312233
6536000,81700,972,0.8422703742980957,0.1948234587907791,2.93277527987957,0.5493198931217194
6544000,81800,972,0.8447138071060181,0.006211705971509218,3.379278066754341,0.9474842436611652
6552000,81900,972,1.0186930894851685,0.05784739926457405,3.0172974854707717,0.7753818184137344
6560000,82000,972,0.8641497492790222,0.013443903997540474,3.412505480647087,0.8436761051416397
6568000,82100,972,0.8667656779289246,0.021515516564249992,3.2058448895812033,0.8548429310321808
6576000,82200,973,0.9166523218154907,0.11042752116918564,3.6987157434225084,0.88912533223629
6584000,82300,973,0.8833244442939758,0.08856189250946045,3.918087711930275,0.9423523582518101
6592000,82400,973,1.0202652215957642,0.02044157311320305,3.4682944476604463,0.94117746129632
6600000,82500,973,0.9022297859191895,0.2221757471561432,3.0585703998804092,-0.058403968811035156
6608000,82600,973,0.853476881980896,0.10168983042240143,3.37571334540844,0.4803529977798462
6616000,82700,973,0.8882890939712524,0.015586644411087036,3.500622084736824,0.9281008318066597
6624000,82800,973,0.9160566329956055,0.02716708742082119,3.3221963956952094,0.9012029841542244
6632000,82900,973,0.902125358581543,0.07233710587024689,3.865892195701599,0.5609259903430939
6640000,83000,973,0.8595964312553406,0.022304480895400047,3.3863245069980623,0.8424397706985474
6648000,83100,973,0.8638623952865601,0.027867421507835388,4.115079236030579,0.8406865894794464
6656000,83200,973,0.9856252670288086,0.06928416341543198,2.9726724505424498,0.8213849514722824
6664000,83300,973,0.80921471118927,0.09849832952022552,3.4943858981132507,0.5040110349655151
6672000,83400,973,0.8901567459106445,0.01460240501910448,3.8410001546144485,0.961280781775713
6680000,83500,973,0.8324702382087708,0.10780785232782364,3.419397025555372,0.8410240262746811
6688000,83600,974,0.8739465475082397,0.013825657777488232,3.521273821592331,0.8702633082866669
6696000,83700,974,0.8998249769210815,0.010434345342218876,3.593533432483673,0.8824569806456566
6704000,83800,974,0.8499453663825989,0.333491712808609,3.390375058352947,0.5742486119270325
6712000,83900,974,0.9449156522750854,0.007577873766422272,3.0103587716817857,0.9505948312580585
6720000,84000,974,0.876512885093689,0.1732158660888672,3.0889823757112027,0.29103755950927734
6728000,84100,974,0.9425556063652039,0.021824728697538376,3.0338297486305237,0.7890800088644028
6736000,84200,974,0.9370802044868469,0.030456984415650368,3.108008435368538,0.8413014262914658
6744000,84300,974,0.889382541179657,0.027766551822423935,4.134081971645355,0.9855566211044788
6752000,84400,974,0.922089695930481,0.04814572259783745,3.018071633577347,0.8205151259899139
6760000,84500,974,0.8316717147827148,0.046988777816295624,3.503713047504425,0.815692588686943
6768000,84600,974,0.8917146921157837,0.025524279102683067,3.814273038506508,0.8962442278862
6776000,84700,974,0.9968204498291016,0.04186413064599037,4.519804626703262,0.9690559655427933
6784000,84800,974,0.8059021234512329,0.3239040970802307,4.011672306060791,0.5859732627868652
6792000,84900,974,0.8796899914741516,0.004953619092702866,3.4301664888858796,0.9320427477359772
6800000,85000,975,0.9477893710136414,0.018927110359072685,3.2373626053333284,0.8101013451814651
6808000,85100,975,0.8388513326644897,0.048834383487701416,4.8744249761104586,0.9622279182076454
6816000,85200,975,0.8514334559440613,0.09438479691743851,3.0550575762987138,0.6892262101173401
6824000,85300,975,0.8611881136894226,0.006306742317974567,3.122388458251953,0.9313753768801689
6832000,85400,975,0.9011890292167664,0.03572271391749382,3.099719652533531,0.7615597248077393
6840000,85500,975,0.7797943949699402,0.07099583745002747,3.060972009599209,0.8637267649173737
6848000,85600,975,0.96576988697052,0.04385369271039963,3.279892361164093,0.8012213259935379
6856000,85700,975,0.829869270324707,0.06571130454540253,3.2909698247909547,-0.1025468111038208
6864000,85800,975,0.8141805529594421,0.19303175806999207,4.095205263793469,0.9142235964536667
6872000,85900,975,0.8622022867202759,0.04262988641858101,3.3991274535655975,0.8492043018341064
6880000,86000,975,0.8544200658798218,0.09706565737724304,3.3807824105024338,0.6218739449977875
6888000,86100,975,0.851588249206543,0.05633758753538132,4.618958902359009,0.9668804481625557
6896000,86200,975,0.8436222076416016,0.2934925854206085,3.2669840648770334,0.7678550630807877
6904000,86300,975,0.9001633524894714,0.010080873034894466,3.463782346248627,0.9220669716596603
6912000,86400,976,0.9131878018379211,0.03888336941599846,4.14495583474636,0.9468023665249348
6920000,86500,976,0.8774372339248657,0.08228069543838501,6.247561213374138,0.9790066611021757
6928000,86600,976,0.8781890869140625,0.008922083303332329,3.430092027783394,0.9533167295157909
6936000,86700,976,0.8623262643814087,0.21944336593151093,3.9431309163570405,0.7647016197443008
6944000,86800,976,0.8269757032394409,0.01046874187886715,3.2838805675506593,0.9099706336855888
6952000,86900,976,0.7210819125175476,0.09371329843997955,4.138086485862732,0.9487449042499065
6960000,87000,976,0.8029317855834961,0.03418829292058945,3.158037918806076,0.6256060302257538
6968000,87100,976,0.7669068574905396,0.015278229489922523,4.163232618570328,0.9958651610650122
6976000,87200,976,0.8184213638305664,0.1980331540107727,3.602968010306358,0.6013907790184021
6984000,87300,976,0.8187314867973328,0.023835906758904457,3.608796772360802,0.8253351598978043
6992000,87400,976,0.8682094812393188,0.03328035771846771,4.05693881213665,0.7714290469884872
7000000,87500,976,0.8221050500869751,0.010956555604934692,4.273227596282959,0.9523434266448021
7008000,87600,976,0.842786967754364,0.01571618765592575,3.0350944727659224,0.9034973084926605
7016000,87700,976,0.809238612651825,0.03479637950658798,3.4138304248452185,0.9288089424371719
7024000,87800,976,0.9804022908210754,0.014782527461647987,3.486395239830017,0.9141322672367096
7032000,87900,977,0.9140464663505554,0.007878750562667847,3.550460946559906,0.975051935762167
7040000,88000,977,0.9037988781929016,0.01791153848171234,3.1186804860830306,0.8860258534550667
7048000,88100,977,0.8567447662353516,0.15739032626152039,3.404029721021652,0.5663849115371704
7056000,88200,977,0.943256676197052,0.3020251393318176,4.281427912414074,0.6946503818035126
7064000,88300,977,0.8521633148193359,0.027377843856811523,3.422065499424934,0.820971205830574
7072000,88400,977,0.8769828677177429,0.261514812707901,3.618316128849983,0.7783611714839935
7080000,88500,977,0.8308084607124329,0.21630778908729553,2.9015293411328456,0.5966643691062927
7088000,88600,977,0.8205606341362,0.017023859545588493,3.399011978507042,0.9304738566279411
7096000,88700,977,0.7422626614570618,0.18225865066051483,3.25970888286829,0.788843497633934
7104000,88800,977,0.8254379034042358,0.005216966383159161,3.129508277773857,0.9616622887551785
7112000,88900,977,0.8328434228897095,0.022189410403370857,3.4421654015779497,0.7557234317064285
7120000,89000,977,0.9236160516738892,0.012353431433439255,3.3130929470062256,0.9020248204469681
7128000,89100,977,0.933074951171875,0.05579385906457901,3.5530409544706343,0.8602939993143082
7136000,89200,977,0.941851794719696,0.03906440734863281,3.709240645170212,0.8180068284273148
7144000,89300,977,0.9091161489486694,0.034112513065338135,3.7474214851856233,0.8990566432476044
7152000,89400,978,0.8286778330802917,0.0788159966468811,3.119205282628536,0.7725232392549515
7160000,89500,978,0.9170259237289429,0.02979356050491333,3.659698036313057,0.8423079550266266
7168000,89600,978,0.8742122650146484,0.022266406565904617,3.212463986873627,0.956317488104105
7176000,89700,978,1.0063199996948242,0.026824649423360825,3.3050015330314637,0.8201196491718292
7184000,89800,978,0.9035278558731079,0.0415816530585289,4.091763356328011,0.9472099132835865
7192000,89900,978,0.8275295495986938,0.09527026116847992,3.171988905966282,0.5899758636951447
7200000,90000,978,0.8570923805236816,0.07375641912221909,4.726672813296318,0.9475260190665722
7208000,90100,978,0.8966914415359497,0.08204034715890884,3.692705565690994,0.8801483511924744
7216000,90200,978,0.8009767532348633,0.024838250130414963,4.824011936783791,0.981625696644187
7224000,90300,978,0.8329998254776001,0.025086641311645508,3.3629934653639793,0.9547496922314167
7232000,90400,978,0.9056777954101562,0.01634867861866951,3.7116864889860155,0.9440433233976364
7240000,90500,978,0.7764735221862793,0.12977415323257446,3.605163410305977,0.886820450425148
7248000,90600,978,0.947003185749054,0.011236979626119137,3.952073463797569,0.9806619789451361
7256000,90700,978,0.8417459726333618,0.022677548229694366,4.352821177244186,0.9060931205749512
7264000,90800,978,0.955225944519043,0.007637829519808292,2.254944917559624,0.9339665994048119
7272000,90900,978,0.787525475025177,0.007817760109901428,3.19740771651268,0.8895304203033447
7280000,91000,979,0.8650547862052917,0.036039941012859344,4.012820011377334,0.9437220841646194
7288000,91100,979,0.8577693700790405,0.036608096212148666,3.4579264253377913,0.8693781942129135
7296000,91200,979,0.8263225555419922,0.07987876981496811,3.588747647404671,0.7951481938362122
7304000,91300,979,0.8744047284126282,0.12228219211101532,4.87818520963192,0.9034281298518181
7312000,91400,979,0.7975201606750488,0.05505473166704178,3.5681312918663024,0.8741375207901001
7320000,91500,979,0.880150318145752,0.40135258436203003,3.0215271532535555,0.1291961669921875
7328000,91600,979,0.8291850090026855,0.0569770410656929,4.960191467404366,0.9575067237019539
7336000,91700,979,0.9088363647460938,0.016996847465634346,4.26945838034153,0.945905577391386
7344000,91800,979,0.8546676635742188,0.03191075846552849,3.59007847905159,0.787532240152359
7352000,91900,979,0.7544840574264526,0.5282307863235474,4.130272768437862,0.7474855780601501
7360000,92000,979,0.7388742566108704,0.1408196985721588,4.49335675239563,0.9097080901265144
7368000,92100,979,0.8228411674499512,0.020313594490289688,4.1170788615942,0.9460367262363434
7376000,92200,979,0.7455843687057495,0.12420763075351715,5.04379195868969,0.8977971747517586
7384000,92300,979,0.7750335931777954,0.02558002434670925,3.9903247520327567,0.9733138792216778
7392000,92400,979,0.7915545701980591,0.02936692163348198,3.355473156273365,0.9692891463637352
7400000,92500,979,0.8299102783203125,0.42781442403793335,3.4921928316354753,0.4597383737564087
7408000,92600,980,0.8267015218734741,0.08556816726922989,3.3234038949012756,0.6316903233528137
7416000,92700,980,0.8041681051254272,0.12714925408363342,3.4138785362243653,0.5472351908683777
7424000,92800,980,0.9028635025024414,0.017528511583805084,2.8792441204190253,0.9061283841729164
7432000,92900,980,0.8197927474975586,0.016667496412992477,3.5404601633548736,0.921688549220562
7440000,93000,980,0.8562911748886108,0.01902504824101925,4.035358875989914,0.9793255217373371
7448000,93100,980,0.7821314930915833,0.24816235899925232,4.1543278157711026,0.7251724600791931
7456000,93200,980,0.9227131605148315,0.02351531758904457,3.6712623581290247,0.970076784491539
7464000,93300,980,0.8030910491943359,0.2851870656013489,3.4736659228801727,0.6461919844150543
7472000,93400,980,0.8735431432723999,0.019013136625289917,3.3819978073239327,0.9347794353961945
7480000,93500,980,0.7953101992607117,0.31652742624282837,4.6812772989273075,0.8927380219101906
7488000,93600,980,0.8935192227363586,0.030761364847421646,3.154025411605835,0.8958308473229408
7496000,93700,980,0.8474675416946411,0.3097500205039978,4.113464653491974,0.7467103600502014
7504000,93800,980,0.7278715968132019,0.42334622144699097,4.546896910667419,0.8454805910587311
7512000,93900,980,0.8341411352157593,0.038809146732091904,3.834195205569267,0.9006367102265358
7520000,94000,980,0.7698079347610474,0.09406310319900513,3.3522045493125914,0.8532824218273163
7528000,94100,980,0.9829933047294617,0.18049356341362,4.451102557778358,0.8796111270785332
7536000,94200,980,0.8139220476150513,0.1303400695323944,4.851314276456833,0.9081396535038948
7544000,94300,981,0.841143786907196,0.026971150189638138,3.1290351703763006,0.942428033798933
7552000,94400,981,0.9490795135498047,0.06242070719599724,3.6532474786043165,0.86520054936409
7560000,94500,981,0.7394310235977173,0.04552525654435158,3.75755133330822,0.8251384496688843
7568000,94600,981,0.761184573173523,0.028350353240966797,3.325676992535591,0.9035879075527191
7576000,94700,981,0.7653378248214722,0.014894567430019379,3.6111870646476745,0.8611912727355957
7584000,94800,981,0.8318513631820679,0.1225799173116684,3.9213080555200577,0.7365882098674774
7592000,94900,981,0.7421830296516418,0.06985349208116531,3.5773858070373534,0.6917690634727478
7600000,95000,981,0.8968712091445923,0.05852958559989929,3.4288344949483873,0.734020322561264
7608000,95100,981,0.8328083157539368,0.12762410938739777,5.104929915070533,0.8082276433706284
